#
# There is insufficient memory for the Java Runtime Environment to continue.
# Native memory allocation (malloc) failed to allocate 1521936 bytes. Error detail: Chunk::new
# Possible reasons:
#   The system is out of physical RAM or swap space
#   This process is running with CompressedOops enabled, and the Java Heap may be blocking the growth of the native heap
# Possible solutions:
#   Reduce memory load on the system
#   Increase physical memory or swap space
#   Check if swap backing store is full
#   Decrease Java heap size (-Xmx/-Xms)
#   Decrease number of Java threads
#   Decrease Java thread stack sizes (-Xss)
#   Set larger code cache with -XX:ReservedCodeCacheSize=
#   JVM is running with Unscaled Compressed Oops mode in which the Java heap is
#     placed in the first 4GB address space. The Java Heap base address is the
#     maximum limit for the native heap growth. Please use -XX:HeapBaseMinAddress
#     to set the Java Heap base and to place the Java Heap above 4GB virtual address.
# This output file may be truncated or incomplete.
#
#  Out of Memory Error (arena.cpp:191), pid=29936, tid=9660
#
# JRE version: OpenJDK Runtime Environment Microsoft-9889599 (17.0.12+7) (build 17.0.12+7-LTS)
# Java VM: OpenJDK 64-Bit Server VM Microsoft-9889599 (17.0.12+7-LTS, mixed mode, sharing, tiered, compressed oops, compressed class ptrs, g1 gc, windows-amd64)
# No core dump will be written. Minidumps are not enabled by default on client versions of Windows
#

---------------  S U M M A R Y ------------

Command Line: --add-opens=java.base/java.lang=ALL-UNNAMED --add-opens=java.base/java.lang.invoke=ALL-UNNAMED --add-opens=java.base/java.util=ALL-UNNAMED --add-opens=java.prefs/java.util.prefs=ALL-UNNAMED --add-exports=jdk.compiler/com.sun.tools.javac.api=ALL-UNNAMED --add-exports=jdk.compiler/com.sun.tools.javac.util=ALL-UNNAMED --add-opens=java.base/java.util=ALL-UNNAMED --add-opens=java.prefs/java.util.prefs=ALL-UNNAMED --add-opens=java.base/java.nio.charset=ALL-UNNAMED --add-opens=java.base/java.net=ALL-UNNAMED --add-opens=java.base/java.util.concurrent=ALL-UNNAMED --add-opens=java.base/java.util.concurrent.atomic=ALL-UNNAMED --add-opens=java.xml/javax.xml.namespace=ALL-UNNAMED --add-opens=java.base/java.time=ALL-UNNAMED -XX:MaxMetaspaceSize=512m -Xmx2048m -Dfile.encoding=windows-1252 -Duser.country=IN -Duser.language=en -Duser.variant -javaagent:C:\Users\anish\.gradle\wrapper\dists\gradle-9.3.1-bin\23ovyewtku6u96viwx3xl3oks\gradle-9.3.1\lib\agents\gradle-instrumentation-agent-9.3.1.jar org.gradle.launcher.daemon.bootstrap.GradleDaemon 9.3.1

Host: 12th Gen Intel(R) Core(TM) i5-12500H, 16 cores, 7G,  Windows 11 , 64 bit Build 26100 (10.0.26100.8875)
Time: Sat Jul 25 13:00:56 2026 India Standard Time elapsed time: 157.406259 seconds (0d 0h 2m 37s)

---------------  T H R E A D  ---------------

Current thread (0x000002ddaa641920):  JavaThread "C2 CompilerThread0" daemon [_thread_in_native, id=9660, stack(0x000000e546c00000,0x000000e546d00000)]


Current CompileTask:
C2: 157417 27034       4       javax.management.ObjectName::construct (1135 bytes)

Stack: [0x000000e546c00000,0x000000e546d00000]
Native frames: (J=compiled Java code, j=interpreted, Vv=VM code, C=native code)
V  [jvm.dll+0x686d99]
V  [jvm.dll+0x83daf8]
V  [jvm.dll+0x83f5a3]
V  [jvm.dll+0x83fc13]
V  [jvm.dll+0x2492ef]
V  [jvm.dll+0xad0a4]
V  [jvm.dll+0xad73c]
V  [jvm.dll+0x36a3ff]
V  [jvm.dll+0x334b83]
V  [jvm.dll+0x33401a]
V  [jvm.dll+0x21a538]
V  [jvm.dll+0x21996f]
V  [jvm.dll+0x1a53e6]
V  [jvm.dll+0x229faa]
V  [jvm.dll+0x2280fb]
V  [jvm.dll+0x7f3508]
V  [jvm.dll+0x7ed87c]
V  [jvm.dll+0x685c77]
C  [ucrtbase.dll+0x2cd30]
C  [KERNEL32.DLL+0x2e957]
C  [ntdll.dll+0xaad6c]


---------------  P R O C E S S  ---------------

Threads class SMR info:
_java_thread_list=0x000002ddced0aa40, length=264, elements={
0x000002dd8c39e540, 0x000002ddaa613f50, 0x000002ddaa614a20, 0x000002ddaa632c70,
0x000002ddaa633540, 0x000002ddaa633e10, 0x000002ddaa6346e0, 0x000002ddaa641920,
0x000002ddaa649210, 0x000002ddab320480, 0x000002ddaa6008d0, 0x000002ddab534350,
0x000002ddcc177a40, 0x000002ddcc06fe80, 0x000002ddcc2c3160, 0x000002ddcc328040,
0x000002ddcc5185b0, 0x000002ddcc320a90, 0x000002ddcc323820, 0x000002ddcc320070,
0x000002ddcc320fa0, 0x000002ddcc320580, 0x000002ddcc3228f0, 0x000002ddcc3219c0,
0x000002ddcc323310, 0x000002ddcc3223e0, 0x000002ddcc321ed0, 0x000002ddcc322e00,
0x000002ddce4bea80, 0x000002ddce4c08e0, 0x000002ddce4c0df0, 0x000002ddce4be060,
0x000002ddce4c1810, 0x000002ddce4c1300, 0x000002ddce4c2c50, 0x000002ddce4c3160,
0x000002ddce4bf9b0, 0x000002ddce4c3670, 0x000002ddce4c4090, 0x000002ddce4c45a0,
0x000002ddce4c4ab0, 0x000002ddce4c4fc0, 0x000002ddce4c54d0, 0x000002ddce4c59e0,
0x000002ddcf521030, 0x000002ddcf522980, 0x000002ddcf521f60, 0x000002ddcf520610,
0x000002ddcf520b20, 0x000002ddcf521540, 0x000002ddcf520100, 0x000002ddcf5242d0,
0x000002ddcf524cf0, 0x000002ddcf525200, 0x000002ddcf522e90, 0x000002ddcf522470,
0x000002ddcf5247e0, 0x000002ddcf521a50, 0x000002ddcf523dc0, 0x000002ddcf525710,
0x000002ddcf525c20, 0x000002ddcf526130, 0x000002ddcf526640, 0x000002ddcf526b50,
0x000002ddcf5233a0, 0x000002ddcf527060, 0x000002ddcf5238b0, 0x000002ddcf527570,
0x000002ddcf527a80, 0x000002ddcf6bd460, 0x000002ddcf6bd970, 0x000002ddcf6be8a0,
0x000002ddcf6bcf50, 0x000002ddcf6c1120, 0x000002ddcf6c0c10, 0x000002ddcf6bf2c0,
0x000002ddcf6c1630, 0x000002ddcf6bde80, 0x000002ddcf6c1b40, 0x000002ddcf6bf7d0,
0x000002ddcf6bfce0, 0x000002ddcf6c01f0, 0x000002ddcf6be390, 0x000002ddcf6c2560,
0x000002ddcf6bedb0, 0x000002ddcf6c2a70, 0x000002ddcf310a60, 0x000002ddcf310f70,
0x000002ddcf30e6f0, 0x000002ddcf30fb30, 0x000002ddcf311480, 0x000002ddcf310550,
0x000002ddcf30e1e0, 0x000002ddcf30dcd0, 0x000002ddcf30ec00, 0x000002ddcf311990,
0x000002ddcf3132e0, 0x000002ddcf315140, 0x000002ddcf314c30, 0x000002ddcf313d00,
0x000002ddcf315650, 0x000002ddcf312dd0, 0x000002ddcf3137f0, 0x000002ddcf314210,
0x000002ddcdd9b0b0, 0x000002ddcdd9aba0, 0x000002ddcdd9b5c0, 0x000002ddcdd9d930,
0x000002ddcdd9bfe0, 0x000002ddcdd9bad0, 0x000002ddcdd9c4f0, 0x000002ddcdd9ca00,
0x000002ddcdd9a180, 0x000002ddcdd9cf10, 0x000002ddcdd9d420, 0x000002ddcdd9de40,
0x000002ddcdd9a690, 0x000002ddcdda06c0, 0x000002ddcdd9ed70, 0x000002ddcdd9e350,
0x000002ddcdd9fca0, 0x000002ddcdd9f280, 0x000002ddcdd9e860, 0x000002ddcdd9f790,
0x000002ddcdda10e0, 0x000002ddcdda01b0, 0x000002ddcdda0bd0, 0x000002ddcdda15f0,
0x000002ddcdda1b00, 0x000002ddccaa7610, 0x000002ddccaa9470, 0x000002ddccaa7b20,
0x000002ddccaa8540, 0x000002ddccaa8a50, 0x000002ddccaa8030, 0x000002ddccaa5cc0,
0x000002ddccaa8f60, 0x000002ddccaa7100, 0x000002ddccaa9980, 0x000002ddccaa6bf0,
0x000002ddccaa61d0, 0x000002ddccaa9e90, 0x000002ddccaaa3a0, 0x000002ddccaab2d0,
0x000002ddccaaadc0, 0x000002ddccaab7e0, 0x000002ddccaac200, 0x000002ddccaabcf0,
0x000002ddccaacc20, 0x000002ddccaac710, 0x000002ddccaad640, 0x000002ddcda70590,
0x000002ddcda70aa0, 0x000002ddcda70fb0, 0x000002ddcda723f0, 0x000002ddcda714c0,
0x000002ddcda72900, 0x000002ddcda6f150, 0x000002ddcda719d0, 0x000002ddcda6f660,
0x000002ddcda71ee0, 0x000002ddcda72e10, 0x000002ddcda73320, 0x000002ddcda6fb70,
0x000002ddcda70080, 0x000002ddcda74250, 0x000002ddcda73830, 0x000002ddcda760b0,
0x000002ddcda76ad0, 0x000002ddcda765c0, 0x000002ddcda74c70, 0x000002ddcda73d40,
0x000002ddcda74760, 0x000002ddcda75180, 0x000002ddcda75690, 0x000002ddcda75ba0,
0x000002ddccaad130, 0x000002ddcccc4440, 0x000002ddcccc5d90, 0x000002ddcccc5880,
0x000002ddcccc3a20, 0x000002ddcccc67b0, 0x000002ddcccc3000, 0x000002ddcccc3f30,
0x000002ddcccc4950, 0x000002ddcccc4e60, 0x000002ddcccc5370, 0x000002ddcccc62a0,
0x000002ddcccc6cc0, 0x000002ddcccc3510, 0x000002ddcccc9f60, 0x000002ddcccca470,
0x000002ddcccc7bf0, 0x000002ddcccc8100, 0x000002ddcccca980, 0x000002ddcccc8b20,
0x000002ddcccc9030, 0x000002ddcccc9540, 0x000002ddcccc9a50, 0x000002ddcf6c2050,
0x000002ddce4c2230, 0x000002ddce0a1cc0, 0x000002ddce0a21d0, 0x000002ddce0a0370,
0x000002ddce0a17b0, 0x000002ddce09ea20, 0x000002ddce0a26e0, 0x000002ddce09f440,
0x000002ddce09ef30, 0x000002ddce09f950, 0x000002ddce0a3610, 0x000002ddce0a12a0,
0x000002ddce0a0d90, 0x000002ddce0a2bf0, 0x000002ddce0a3100, 0x000002ddce09fe60,
0x000002ddce0a4030, 0x000002ddce0a3b20, 0x000002ddce0a0880, 0x000002ddce0a5470,
0x000002ddce0a4f60, 0x000002ddce0a5980, 0x000002ddce0a7cf0, 0x000002ddce0a5e90,
0x000002ddce0a6dc0, 0x000002ddce0a63a0, 0x000002ddce0a68b0, 0x000002ddce0a4a50,
0x000002ddce0a72d0, 0x000002ddce0a4540, 0x000002ddce0aa570, 0x000002ddce0a77e0,
0x000002ddce0aa060, 0x000002ddce0a8710, 0x000002ddce0abec0, 0x000002ddce0ac3d0,
0x000002ddcf6c48d0, 0x000002ddcccc71d0, 0x000002ddcccc76e0, 0x000002ddce0ae230,
0x000002ddd0bf7030, 0x000002ddd0bf7f60, 0x000002ddd0bf56e0, 0x000002ddd0bf8470,
0x000002ddd0bf93a0, 0x000002ddd0bf9dc0, 0x000002ddd0bf6610, 0x000002ddd0bfd060,
0x000002ddd0c01c50, 0x000002ddd0c00810, 0x000002ddd0c00d20, 0x000002ddd0c01230,
0x000002ddd0c00300, 0x000002ddd0bfe4a0, 0x000002ddd0c01740, 0x000002ddd0c02160,
0x000002ddd0bff3d0, 0x000002ddd0bff8e0, 0x000002ddd0bfe9b0, 0x000002ddd0c02b80,
0x000002ddd0bffdf0, 0x000002ddd0c02670, 0x000002ddd0f4d400, 0x000002ddd0f4e940
}

Java Threads: ( => current thread )
  0x000002dd8c39e540 JavaThread "main" [_thread_blocked, id=12924, stack(0x000000e545f00000,0x000000e546000000)]
  0x000002ddaa613f50 JavaThread "Reference Handler" daemon [_thread_blocked, id=24936, stack(0x000000e546600000,0x000000e546700000)]
  0x000002ddaa614a20 JavaThread "Finalizer" daemon [_thread_blocked, id=33024, stack(0x000000e546700000,0x000000e546800000)]
  0x000002ddaa632c70 JavaThread "Signal Dispatcher" daemon [_thread_blocked, id=33660, stack(0x000000e546800000,0x000000e546900000)]
  0x000002ddaa633540 JavaThread "Attach Listener" daemon [_thread_blocked, id=32128, stack(0x000000e546900000,0x000000e546a00000)]
  0x000002ddaa633e10 JavaThread "Service Thread" daemon [_thread_blocked, id=23364, stack(0x000000e546a00000,0x000000e546b00000)]
  0x000002ddaa6346e0 JavaThread "Monitor Deflation Thread" daemon [_thread_blocked, id=25368, stack(0x000000e546b00000,0x000000e546c00000)]
=>0x000002ddaa641920 JavaThread "C2 CompilerThread0" daemon [_thread_in_native, id=9660, stack(0x000000e546c00000,0x000000e546d00000)]
  0x000002ddaa649210 JavaThread "C1 CompilerThread0" daemon [_thread_blocked, id=25748, stack(0x000000e546d00000,0x000000e546e00000)]
  0x000002ddab320480 JavaThread "Sweeper thread" daemon [_thread_blocked, id=30660, stack(0x000000e546e00000,0x000000e546f00000)]
  0x000002ddaa6008d0 JavaThread "Common-Cleaner" daemon [_thread_blocked, id=23836, stack(0x000000e546f00000,0x000000e547000000)]
  0x000002ddab534350 JavaThread "Notification Thread" daemon [_thread_blocked, id=31300, stack(0x000000e547000000,0x000000e547100000)]
  0x000002ddcc177a40 JavaThread "Daemon health stats" [_thread_blocked, id=30572, stack(0x000000e547800000,0x000000e547900000)]
  0x000002ddcc06fe80 JavaThread "Incoming local TCP Connector on port 62643" [_thread_in_native, id=9484, stack(0x000000e547900000,0x000000e547a00000)]
  0x000002ddcc2c3160 JavaThread "Daemon periodic checks" [_thread_blocked, id=33956, stack(0x000000e547a00000,0x000000e547b00000)]
  0x000002ddcc328040 JavaThread "Daemon" [_thread_blocked, id=26872, stack(0x000000e547b00000,0x000000e547c00000)]
  0x000002ddcc5185b0 JavaThread "Handler for socket connection from /127.0.0.1:62643 to /127.0.0.1:62644" [_thread_in_native, id=10184, stack(0x000000e547c00000,0x000000e547d00000)]
  0x000002ddcc320a90 JavaThread "Cancel handler" [_thread_blocked, id=23388, stack(0x000000e547d00000,0x000000e547e00000)]
  0x000002ddcc323820 JavaThread "Daemon worker" [_thread_blocked, id=24424, stack(0x000000e547e00000,0x000000e547f00000)]
  0x000002ddcc320070 JavaThread "Asynchronous log dispatcher for DefaultDaemonConnection: socket connection from /127.0.0.1:62643 to /127.0.0.1:62644" [_thread_blocked, id=14816, stack(0x000000e547f00000,0x000000e548000000)]
  0x000002ddcc320fa0 JavaThread "Stdin handler" [_thread_blocked, id=31032, stack(0x000000e548000000,0x000000e548100000)]
  0x000002ddcc320580 JavaThread "Daemon client event forwarder" [_thread_blocked, id=26944, stack(0x000000e548100000,0x000000e548200000)]
  0x000002ddcc3228f0 JavaThread "Cache worker for journal cache (C:\Users\anish\.gradle\caches\journal-1)" [_thread_blocked, id=5552, stack(0x000000e548200000,0x000000e548300000)]
  0x000002ddcc3219c0 JavaThread "File lock request listener" [_thread_in_native, id=11528, stack(0x000000e548300000,0x000000e548400000)]
  0x000002ddcc323310 JavaThread "Cache worker for file hash cache (C:\Users\anish\.gradle\caches\9.3.1\fileHashes)" [_thread_blocked, id=17900, stack(0x000000e548400000,0x000000e548500000)]
  0x000002ddcc3223e0 JavaThread "Cache worker for file hash cache (C:\XCENTICProject\bhy\android\.gradle\9.3.1\fileHashes)" [_thread_blocked, id=14360, stack(0x000000e549100000,0x000000e549200000)]
  0x000002ddcc321ed0 JavaThread "Cache worker for Build Output Cleanup Cache (C:\XCENTICProject\bhy\android\.gradle\buildOutputCleanup)" [_thread_blocked, id=21388, stack(0x000000e549200000,0x000000e549300000)]
  0x000002ddcc322e00 JavaThread "File watcher server" daemon [_thread_in_native, id=27064, stack(0x000000e549300000,0x000000e549400000)]
  0x000002ddce4bea80 JavaThread "File watcher consumer" daemon [_thread_blocked, id=7256, stack(0x000000e549400000,0x000000e549500000)]
  0x000002ddce4c08e0 JavaThread "Cache worker for checksums cache (C:\XCENTICProject\bhy\android\.gradle\9.3.1\checksums)" [_thread_blocked, id=30308, stack(0x000000e549500000,0x000000e549600000)]
  0x000002ddce4c0df0 JavaThread "Cache worker for file content cache (C:\Users\anish\.gradle\caches\9.3.1\fileContent)" [_thread_blocked, id=10908, stack(0x000000e549600000,0x000000e549700000)]
  0x000002ddce4be060 JavaThread "Cache worker for cache directory md-supplier (C:\Users\anish\.gradle\caches\9.3.1\md-supplier)" [_thread_blocked, id=6348, stack(0x000000e549700000,0x000000e549800000)]
  0x000002ddce4c1810 JavaThread "Cache worker for cache directory md-rule (C:\Users\anish\.gradle\caches\9.3.1\md-rule)" [_thread_blocked, id=23928, stack(0x000000e549800000,0x000000e549900000)]
  0x000002ddce4c1300 JavaThread "jar transforms" [_thread_blocked, id=32808, stack(0x000000e549a00000,0x000000e549b00000)]
  0x000002ddce4c2c50 JavaThread "Cache worker for Build Output Cleanup Cache (C:\XCENTICProject\bhy\node_modules\@react-native\gradle-plugin\.gradle\buildOutputCleanup)" [_thread_blocked, id=13324, stack(0x000000e549b00000,0x000000e549c00000)]
  0x000002ddce4c3160 JavaThread "Unconstrained build operations" [_thread_blocked, id=20324, stack(0x000000e548d00000,0x000000e548e00000)]
  0x000002ddce4bf9b0 JavaThread "Unconstrained build operations Thread 2" [_thread_blocked, id=23032, stack(0x000000e549d00000,0x000000e549e00000)]
  0x000002ddce4c3670 JavaThread "Unconstrained build operations Thread 3" [_thread_blocked, id=3996, stack(0x000000e549e00000,0x000000e549f00000)]
  0x000002ddce4c4090 JavaThread "Unconstrained build operations Thread 4" [_thread_blocked, id=28740, stack(0x000000e549f00000,0x000000e54a000000)]
  0x000002ddce4c45a0 JavaThread "Unconstrained build operations Thread 5" [_thread_blocked, id=27116, stack(0x000000e54a000000,0x000000e54a100000)]
  0x000002ddce4c4ab0 JavaThread "Unconstrained build operations Thread 6" [_thread_blocked, id=6848, stack(0x000000e54a100000,0x000000e54a200000)]
  0x000002ddce4c4fc0 JavaThread "Unconstrained build operations Thread 7" [_thread_blocked, id=17056, stack(0x000000e54a200000,0x000000e54a300000)]
  0x000002ddce4c54d0 JavaThread "Unconstrained build operations Thread 8" [_thread_blocked, id=34076, stack(0x000000e54a300000,0x000000e54a400000)]
  0x000002ddce4c59e0 JavaThread "Unconstrained build operations Thread 9" [_thread_blocked, id=30636, stack(0x000000e54a400000,0x000000e54a500000)]
  0x000002ddcf521030 JavaThread "Unconstrained build operations Thread 10" [_thread_blocked, id=32772, stack(0x000000e54a500000,0x000000e54a600000)]
  0x000002ddcf522980 JavaThread "Unconstrained build operations Thread 11" [_thread_blocked, id=25232, stack(0x000000e54a600000,0x000000e54a700000)]
  0x000002ddcf521f60 JavaThread "Unconstrained build operations Thread 12" [_thread_blocked, id=4056, stack(0x000000e54a700000,0x000000e54a800000)]
  0x000002ddcf520610 JavaThread "Unconstrained build operations Thread 13" [_thread_blocked, id=26860, stack(0x000000e54a800000,0x000000e54a900000)]
  0x000002ddcf520b20 JavaThread "Unconstrained build operations Thread 14" [_thread_blocked, id=6112, stack(0x000000e54a900000,0x000000e54aa00000)]
  0x000002ddcf521540 JavaThread "Unconstrained build operations Thread 15" [_thread_blocked, id=27532, stack(0x000000e54aa00000,0x000000e54ab00000)]
  0x000002ddcf520100 JavaThread "Unconstrained build operations Thread 16" [_thread_blocked, id=33316, stack(0x000000e54ab00000,0x000000e54ac00000)]
  0x000002ddcf5242d0 JavaThread "Unconstrained build operations Thread 17" [_thread_blocked, id=32312, stack(0x000000e54ac00000,0x000000e54ad00000)]
  0x000002ddcf524cf0 JavaThread "Unconstrained build operations Thread 18" [_thread_blocked, id=31452, stack(0x000000e54ad00000,0x000000e54ae00000)]
  0x000002ddcf525200 JavaThread "Unconstrained build operations Thread 19" [_thread_blocked, id=23968, stack(0x000000e54ae00000,0x000000e54af00000)]
  0x000002ddcf522e90 JavaThread "Unconstrained build operations Thread 20" [_thread_blocked, id=20740, stack(0x000000e54af00000,0x000000e54b000000)]
  0x000002ddcf522470 JavaThread "Unconstrained build operations Thread 21" [_thread_blocked, id=22012, stack(0x000000e54b000000,0x000000e54b100000)]
  0x000002ddcf5247e0 JavaThread "Unconstrained build operations Thread 22" [_thread_blocked, id=33712, stack(0x000000e54b100000,0x000000e54b200000)]
  0x000002ddcf521a50 JavaThread "Unconstrained build operations Thread 23" [_thread_blocked, id=13112, stack(0x000000e54b200000,0x000000e54b300000)]
  0x000002ddcf523dc0 JavaThread "Unconstrained build operations Thread 24" [_thread_blocked, id=10540, stack(0x000000e54b300000,0x000000e54b400000)]
  0x000002ddcf525710 JavaThread "Unconstrained build operations Thread 25" [_thread_blocked, id=15544, stack(0x000000e54b400000,0x000000e54b500000)]
  0x000002ddcf525c20 JavaThread "Unconstrained build operations Thread 26" [_thread_blocked, id=24928, stack(0x000000e54b500000,0x000000e54b600000)]
  0x000002ddcf526130 JavaThread "Unconstrained build operations Thread 27" [_thread_blocked, id=16068, stack(0x000000e54b600000,0x000000e54b700000)]
  0x000002ddcf526640 JavaThread "Unconstrained build operations Thread 28" [_thread_blocked, id=11088, stack(0x000000e54b700000,0x000000e54b800000)]
  0x000002ddcf526b50 JavaThread "Unconstrained build operations Thread 29" [_thread_blocked, id=20960, stack(0x000000e54b800000,0x000000e54b900000)]
  0x000002ddcf5233a0 JavaThread "Unconstrained build operations Thread 30" [_thread_blocked, id=30608, stack(0x000000e54b900000,0x000000e54ba00000)]
  0x000002ddcf527060 JavaThread "Unconstrained build operations Thread 31" [_thread_blocked, id=10364, stack(0x000000e54ba00000,0x000000e54bb00000)]
  0x000002ddcf5238b0 JavaThread "Unconstrained build operations Thread 32" [_thread_blocked, id=12976, stack(0x000000e54bb00000,0x000000e54bc00000)]
  0x000002ddcf527570 JavaThread "Unconstrained build operations Thread 33" [_thread_blocked, id=21472, stack(0x000000e54bc00000,0x000000e54bd00000)]
  0x000002ddcf527a80 JavaThread "Unconstrained build operations Thread 34" [_thread_blocked, id=34028, stack(0x000000e54bd00000,0x000000e54be00000)]
  0x000002ddcf6bd460 JavaThread "Unconstrained build operations Thread 35" [_thread_blocked, id=27736, stack(0x000000e54be00000,0x000000e54bf00000)]
  0x000002ddcf6bd970 JavaThread "Unconstrained build operations Thread 36" [_thread_blocked, id=8640, stack(0x000000e54bf00000,0x000000e54c000000)]
  0x000002ddcf6be8a0 JavaThread "Unconstrained build operations Thread 37" [_thread_blocked, id=14956, stack(0x000000e54c000000,0x000000e54c100000)]
  0x000002ddcf6bcf50 JavaThread "Unconstrained build operations Thread 38" [_thread_blocked, id=23040, stack(0x000000e54c100000,0x000000e54c200000)]
  0x000002ddcf6c1120 JavaThread "Unconstrained build operations Thread 39" [_thread_blocked, id=31308, stack(0x000000e54c200000,0x000000e54c300000)]
  0x000002ddcf6c0c10 JavaThread "Unconstrained build operations Thread 40" [_thread_blocked, id=32612, stack(0x000000e54c300000,0x000000e54c400000)]
  0x000002ddcf6bf2c0 JavaThread "Unconstrained build operations Thread 41" [_thread_blocked, id=29348, stack(0x000000e54c400000,0x000000e54c500000)]
  0x000002ddcf6c1630 JavaThread "Unconstrained build operations Thread 42" [_thread_blocked, id=22424, stack(0x000000e54c500000,0x000000e54c600000)]
  0x000002ddcf6bde80 JavaThread "Unconstrained build operations Thread 43" [_thread_blocked, id=24404, stack(0x000000e54c600000,0x000000e54c700000)]
  0x000002ddcf6c1b40 JavaThread "Unconstrained build operations Thread 44" [_thread_blocked, id=23788, stack(0x000000e54c700000,0x000000e54c800000)]
  0x000002ddcf6bf7d0 JavaThread "Unconstrained build operations Thread 45" [_thread_blocked, id=25316, stack(0x000000e54c800000,0x000000e54c900000)]
  0x000002ddcf6bfce0 JavaThread "Unconstrained build operations Thread 46" [_thread_blocked, id=28976, stack(0x000000e54c900000,0x000000e54ca00000)]
  0x000002ddcf6c01f0 JavaThread "Unconstrained build operations Thread 47" [_thread_blocked, id=22688, stack(0x000000e54ca00000,0x000000e54cb00000)]
  0x000002ddcf6be390 JavaThread "Unconstrained build operations Thread 48" [_thread_blocked, id=32600, stack(0x000000e54cb00000,0x000000e54cc00000)]
  0x000002ddcf6c2560 JavaThread "build event listener" [_thread_blocked, id=33196, stack(0x000000e547600000,0x000000e547700000)]
  0x000002ddcf6bedb0 JavaThread "Memory manager" [_thread_blocked, id=32188, stack(0x000000e547700000,0x000000e547800000)]
  0x000002ddcf6c2a70 JavaThread "Problems report writer" [_thread_blocked, id=28008, stack(0x000000e549000000,0x000000e549100000)]
  0x000002ddcf310a60 JavaThread "ForkJoinPool.commonPool-worker-1" daemon [_thread_blocked, id=8072, stack(0x000000e54cf00000,0x000000e54d000000)]
  0x000002ddcf310f70 JavaThread "ForkJoinPool.commonPool-worker-2" daemon [_thread_blocked, id=5204, stack(0x000000e54d000000,0x000000e54d100000)]
  0x000002ddcf30e6f0 JavaThread "ForkJoinPool.commonPool-worker-3" daemon [_thread_blocked, id=24588, stack(0x000000e54d100000,0x000000e54d200000)]
  0x000002ddcf30fb30 JavaThread "ForkJoinPool.commonPool-worker-4" daemon [_thread_blocked, id=13008, stack(0x000000e54d200000,0x000000e54d300000)]
  0x000002ddcf311480 JavaThread "ForkJoinPool.commonPool-worker-6" daemon [_thread_blocked, id=31556, stack(0x000000e54d400000,0x000000e54d500000)]
  0x000002ddcf310550 JavaThread "ForkJoinPool.commonPool-worker-7" daemon [_thread_blocked, id=26808, stack(0x000000e54d500000,0x000000e54d600000)]
  0x000002ddcf30e1e0 JavaThread "ForkJoinPool.commonPool-worker-8" daemon [_thread_blocked, id=31088, stack(0x000000e54d600000,0x000000e54d700000)]
  0x000002ddcf30dcd0 JavaThread "ForkJoinPool.commonPool-worker-9" daemon [_thread_blocked, id=8800, stack(0x000000e54d700000,0x000000e54d800000)]
  0x000002ddcf30ec00 JavaThread "ForkJoinPool.commonPool-worker-10" daemon [_thread_blocked, id=14912, stack(0x000000e54d800000,0x000000e54d900000)]
  0x000002ddcf311990 JavaThread "ForkJoinPool.commonPool-worker-11" daemon [_thread_blocked, id=30860, stack(0x000000e54d900000,0x000000e54da00000)]
  0x000002ddcf3132e0 JavaThread "included builds" [_thread_blocked, id=8432, stack(0x000000e54cd00000,0x000000e54ce00000)]
  0x000002ddcf315140 JavaThread "Execution worker" [_thread_blocked, id=33688, stack(0x000000e54dd00000,0x000000e54de00000)]
  0x000002ddcf314c30 JavaThread "Execution worker Thread 2" [_thread_blocked, id=28364, stack(0x000000e54de00000,0x000000e54df00000)]
  0x000002ddcf313d00 JavaThread "Execution worker Thread 3" [_thread_blocked, id=15464, stack(0x000000e54df00000,0x000000e54e000000)]
  0x000002ddcf315650 JavaThread "Execution worker Thread 4" [_thread_blocked, id=23448, stack(0x000000e54e000000,0x000000e54e100000)]
  0x000002ddcf312dd0 JavaThread "Execution worker Thread 5" [_thread_blocked, id=19148, stack(0x000000e54e100000,0x000000e54e200000)]
  0x000002ddcf3137f0 JavaThread "Execution worker Thread 6" [_thread_blocked, id=3732, stack(0x000000e54e200000,0x000000e54e300000)]
  0x000002ddcf314210 JavaThread "Execution worker Thread 7" [_thread_blocked, id=32628, stack(0x000000e54e300000,0x000000e54e400000)]
  0x000002ddcdd9b0b0 JavaThread "Execution worker Thread 8" [_thread_blocked, id=23888, stack(0x000000e54e400000,0x000000e54e500000)]
  0x000002ddcdd9aba0 JavaThread "Execution worker Thread 9" [_thread_in_native, id=15532, stack(0x000000e54e500000,0x000000e54e600000)]
  0x000002ddcdd9b5c0 JavaThread "Execution worker Thread 10" [_thread_blocked, id=25356, stack(0x000000e54e600000,0x000000e54e700000)]
  0x000002ddcdd9d930 JavaThread "Execution worker Thread 11" [_thread_blocked, id=23960, stack(0x000000e54e700000,0x000000e54e800000)]
  0x000002ddcdd9bfe0 JavaThread "Execution worker Thread 12" [_thread_blocked, id=6480, stack(0x000000e54e800000,0x000000e54e900000)]
  0x000002ddcdd9bad0 JavaThread "Execution worker Thread 13" [_thread_blocked, id=34680, stack(0x000000e54e900000,0x000000e54ea00000)]
  0x000002ddcdd9c4f0 JavaThread "Execution worker Thread 14" [_thread_blocked, id=7664, stack(0x000000e54ea00000,0x000000e54eb00000)]
  0x000002ddcdd9ca00 JavaThread "Execution worker Thread 15" [_thread_blocked, id=33644, stack(0x000000e54eb00000,0x000000e54ec00000)]
  0x000002ddcdd9a180 JavaThread "Cache worker for execution history cache (C:\XCENTICProject\bhy\node_modules\@react-native\gradle-plugin\.gradle\9.3.1\executionHistory)" [_thread_blocked, id=30912, stack(0x000000e54ec00000,0x000000e54ed00000)]
  0x000002ddcdd9cf10 JavaThread "Unconstrained build operations Thread 49" [_thread_blocked, id=8548, stack(0x000000e54ee00000,0x000000e54ef00000)]
  0x000002ddcdd9d420 JavaThread "Unconstrained build operations Thread 50" [_thread_blocked, id=19612, stack(0x000000e54ef00000,0x000000e54f000000)]
  0x000002ddcdd9de40 JavaThread "Unconstrained build operations Thread 51" [_thread_blocked, id=18464, stack(0x000000e54f000000,0x000000e54f100000)]
  0x000002ddcdd9a690 JavaThread "Unconstrained build operations Thread 52" [_thread_blocked, id=7000, stack(0x000000e54f100000,0x000000e54f200000)]
  0x000002ddcdda06c0 JavaThread "Unconstrained build operations Thread 53" [_thread_blocked, id=17208, stack(0x000000e54f200000,0x000000e54f300000)]
  0x000002ddcdd9ed70 JavaThread "Unconstrained build operations Thread 54" [_thread_blocked, id=20332, stack(0x000000e54f300000,0x000000e54f400000)]
  0x000002ddcdd9e350 JavaThread "Unconstrained build operations Thread 55" [_thread_blocked, id=31288, stack(0x000000e54f400000,0x000000e54f500000)]
  0x000002ddcdd9fca0 JavaThread "Unconstrained build operations Thread 56" [_thread_blocked, id=9488, stack(0x000000e54f500000,0x000000e54f600000)]
  0x000002ddcdd9f280 JavaThread "Unconstrained build operations Thread 57" [_thread_blocked, id=23796, stack(0x000000e54f600000,0x000000e54f700000)]
  0x000002ddcdd9e860 JavaThread "Unconstrained build operations Thread 58" [_thread_blocked, id=13836, stack(0x000000e54f700000,0x000000e54f800000)]
  0x000002ddcdd9f790 JavaThread "Unconstrained build operations Thread 59" [_thread_blocked, id=19756, stack(0x000000e54f800000,0x000000e54f900000)]
  0x000002ddcdda10e0 JavaThread "Unconstrained build operations Thread 60" [_thread_blocked, id=12304, stack(0x000000e54f900000,0x000000e54fa00000)]
  0x000002ddcdda01b0 JavaThread "Unconstrained build operations Thread 61" [_thread_blocked, id=21344, stack(0x000000e54fa00000,0x000000e54fb00000)]
  0x000002ddcdda0bd0 JavaThread "Unconstrained build operations Thread 62" [_thread_blocked, id=4892, stack(0x000000e54fb00000,0x000000e54fc00000)]
  0x000002ddcdda15f0 JavaThread "Unconstrained build operations Thread 63" [_thread_blocked, id=29492, stack(0x000000e54fc00000,0x000000e54fd00000)]
  0x000002ddcdda1b00 JavaThread "Unconstrained build operations Thread 64" [_thread_blocked, id=13168, stack(0x000000e54fd00000,0x000000e54fe00000)]
  0x000002ddccaa7610 JavaThread "Unconstrained build operations Thread 65" [_thread_blocked, id=26060, stack(0x000000e54fe00000,0x000000e54ff00000)]
  0x000002ddccaa9470 JavaThread "Unconstrained build operations Thread 66" [_thread_blocked, id=7464, stack(0x000000e54ff00000,0x000000e550000000)]
  0x000002ddccaa7b20 JavaThread "Unconstrained build operations Thread 67" [_thread_blocked, id=29524, stack(0x000000e550000000,0x000000e550100000)]
  0x000002ddccaa8540 JavaThread "Unconstrained build operations Thread 68" [_thread_blocked, id=29932, stack(0x000000e550100000,0x000000e550200000)]
  0x000002ddccaa8a50 JavaThread "Unconstrained build operations Thread 69" [_thread_blocked, id=19648, stack(0x000000e550200000,0x000000e550300000)]
  0x000002ddccaa8030 JavaThread "Unconstrained build operations Thread 70" [_thread_blocked, id=18104, stack(0x000000e550300000,0x000000e550400000)]
  0x000002ddccaa5cc0 JavaThread "Unconstrained build operations Thread 71" [_thread_blocked, id=12472, stack(0x000000e550400000,0x000000e550500000)]
  0x000002ddccaa8f60 JavaThread "Unconstrained build operations Thread 72" [_thread_blocked, id=11352, stack(0x000000e550500000,0x000000e550600000)]
  0x000002ddccaa7100 JavaThread "Unconstrained build operations Thread 73" [_thread_blocked, id=15512, stack(0x000000e550600000,0x000000e550700000)]
  0x000002ddccaa9980 JavaThread "Unconstrained build operations Thread 74" [_thread_blocked, id=31960, stack(0x000000e550700000,0x000000e550800000)]
  0x000002ddccaa6bf0 JavaThread "Unconstrained build operations Thread 75" [_thread_blocked, id=25772, stack(0x000000e550800000,0x000000e550900000)]
  0x000002ddccaa61d0 JavaThread "Unconstrained build operations Thread 76" [_thread_blocked, id=14348, stack(0x000000e550900000,0x000000e550a00000)]
  0x000002ddccaa9e90 JavaThread "Unconstrained build operations Thread 77" [_thread_blocked, id=27096, stack(0x000000e550a00000,0x000000e550b00000)]
  0x000002ddccaaa3a0 JavaThread "Unconstrained build operations Thread 78" [_thread_blocked, id=27044, stack(0x000000e54ed00000,0x000000e54ee00000)]
  0x000002ddccaab2d0 JavaThread "Unconstrained build operations Thread 79" [_thread_blocked, id=22932, stack(0x000000e550b00000,0x000000e550c00000)]
  0x000002ddccaaadc0 JavaThread "Unconstrained build operations Thread 80" [_thread_blocked, id=34112, stack(0x000000e550c00000,0x000000e550d00000)]
  0x000002ddccaab7e0 JavaThread "Unconstrained build operations Thread 81" [_thread_blocked, id=30536, stack(0x000000e550d00000,0x000000e550e00000)]
  0x000002ddccaac200 JavaThread "Unconstrained build operations Thread 82" [_thread_blocked, id=22496, stack(0x000000e550e00000,0x000000e550f00000)]
  0x000002ddccaabcf0 JavaThread "Unconstrained build operations Thread 83" [_thread_blocked, id=26188, stack(0x000000e550f00000,0x000000e551000000)]
  0x000002ddccaacc20 JavaThread "Unconstrained build operations Thread 84" [_thread_blocked, id=30456, stack(0x000000e551000000,0x000000e551100000)]
  0x000002ddccaac710 JavaThread "Unconstrained build operations Thread 85" [_thread_blocked, id=4992, stack(0x000000e551100000,0x000000e551200000)]
  0x000002ddccaad640 JavaThread "Unconstrained build operations Thread 86" [_thread_blocked, id=31620, stack(0x000000e551200000,0x000000e551300000)]
  0x000002ddcda70590 JavaThread "Unconstrained build operations Thread 87" [_thread_blocked, id=26160, stack(0x000000e551300000,0x000000e551400000)]
  0x000002ddcda70aa0 JavaThread "Unconstrained build operations Thread 88" [_thread_blocked, id=22016, stack(0x000000e551400000,0x000000e551500000)]
  0x000002ddcda70fb0 JavaThread "Unconstrained build operations Thread 89" [_thread_blocked, id=23648, stack(0x000000e551500000,0x000000e551600000)]
  0x000002ddcda723f0 JavaThread "Unconstrained build operations Thread 90" [_thread_blocked, id=28608, stack(0x000000e551600000,0x000000e551700000)]
  0x000002ddcda714c0 JavaThread "Unconstrained build operations Thread 91" [_thread_blocked, id=32200, stack(0x000000e551700000,0x000000e551800000)]
  0x000002ddcda72900 JavaThread "Unconstrained build operations Thread 92" [_thread_blocked, id=15336, stack(0x000000e551800000,0x000000e551900000)]
  0x000002ddcda6f150 JavaThread "Unconstrained build operations Thread 93" [_thread_blocked, id=8136, stack(0x000000e551900000,0x000000e551a00000)]
  0x000002ddcda719d0 JavaThread "Unconstrained build operations Thread 94" [_thread_blocked, id=32008, stack(0x000000e551a00000,0x000000e551b00000)]
  0x000002ddcda6f660 JavaThread "Unconstrained build operations Thread 95" [_thread_blocked, id=21028, stack(0x000000e551b00000,0x000000e551c00000)]
  0x000002ddcda71ee0 JavaThread "Unconstrained build operations Thread 96" [_thread_blocked, id=34008, stack(0x000000e551c00000,0x000000e551d00000)]
  0x000002ddcda72e10 JavaThread "Unconstrained build operations Thread 97" [_thread_blocked, id=11644, stack(0x000000e551d00000,0x000000e551e00000)]
  0x000002ddcda73320 JavaThread "Unconstrained build operations Thread 98" [_thread_blocked, id=408, stack(0x000000e551e00000,0x000000e551f00000)]
  0x000002ddcda6fb70 JavaThread "Unconstrained build operations Thread 99" [_thread_blocked, id=20224, stack(0x000000e551f00000,0x000000e552000000)]
  0x000002ddcda70080 JavaThread "Unconstrained build operations Thread 100" [_thread_blocked, id=14680, stack(0x000000e552000000,0x000000e552100000)]
  0x000002ddcda74250 JavaThread "Unconstrained build operations Thread 101" [_thread_blocked, id=26844, stack(0x000000e552100000,0x000000e552200000)]
  0x000002ddcda73830 JavaThread "Unconstrained build operations Thread 102" [_thread_blocked, id=18452, stack(0x000000e552200000,0x000000e552300000)]
  0x000002ddcda760b0 JavaThread "Unconstrained build operations Thread 103" [_thread_blocked, id=17808, stack(0x000000e552300000,0x000000e552400000)]
  0x000002ddcda76ad0 JavaThread "Unconstrained build operations Thread 104" [_thread_blocked, id=27816, stack(0x000000e552400000,0x000000e552500000)]
  0x000002ddcda765c0 JavaThread "Unconstrained build operations Thread 105" [_thread_blocked, id=13068, stack(0x000000e552500000,0x000000e552600000)]
  0x000002ddcda74c70 JavaThread "Unconstrained build operations Thread 106" [_thread_blocked, id=33744, stack(0x000000e552600000,0x000000e552700000)]
  0x000002ddcda73d40 JavaThread "Unconstrained build operations Thread 107" [_thread_blocked, id=7908, stack(0x000000e552700000,0x000000e552800000)]
  0x000002ddcda74760 JavaThread "Unconstrained build operations Thread 108" [_thread_blocked, id=13264, stack(0x000000e552800000,0x000000e552900000)]
  0x000002ddcda75180 JavaThread "Unconstrained build operations Thread 109" [_thread_blocked, id=29312, stack(0x000000e552900000,0x000000e552a00000)]
  0x000002ddcda75690 JavaThread "Unconstrained build operations Thread 110" [_thread_blocked, id=19584, stack(0x000000e552a00000,0x000000e552b00000)]
  0x000002ddcda75ba0 JavaThread "Unconstrained build operations Thread 111" [_thread_blocked, id=32036, stack(0x000000e552b00000,0x000000e552c00000)]
  0x000002ddccaad130 JavaThread "Unconstrained build operations Thread 112" [_thread_blocked, id=11452, stack(0x000000e552c00000,0x000000e552d00000)]
  0x000002ddcccc4440 JavaThread "Unconstrained build operations Thread 113" [_thread_blocked, id=23160, stack(0x000000e552d00000,0x000000e552e00000)]
  0x000002ddcccc5d90 JavaThread "Unconstrained build operations Thread 114" [_thread_blocked, id=23932, stack(0x000000e552e00000,0x000000e552f00000)]
  0x000002ddcccc5880 JavaThread "Unconstrained build operations Thread 115" [_thread_blocked, id=24284, stack(0x000000e552f00000,0x000000e553000000)]
  0x000002ddcccc3a20 JavaThread "Unconstrained build operations Thread 116" [_thread_blocked, id=24924, stack(0x000000e553000000,0x000000e553100000)]
  0x000002ddcccc67b0 JavaThread "Unconstrained build operations Thread 117" [_thread_blocked, id=32572, stack(0x000000e553100000,0x000000e553200000)]
  0x000002ddcccc3000 JavaThread "Unconstrained build operations Thread 118" [_thread_blocked, id=25948, stack(0x000000e553200000,0x000000e553300000)]
  0x000002ddcccc3f30 JavaThread "Unconstrained build operations Thread 119" [_thread_blocked, id=24216, stack(0x000000e553300000,0x000000e553400000)]
  0x000002ddcccc4950 JavaThread "Unconstrained build operations Thread 120" [_thread_blocked, id=34296, stack(0x000000e553400000,0x000000e553500000)]
  0x000002ddcccc4e60 JavaThread "Unconstrained build operations Thread 121" [_thread_blocked, id=32780, stack(0x000000e553500000,0x000000e553600000)]
  0x000002ddcccc5370 JavaThread "Unconstrained build operations Thread 122" [_thread_blocked, id=31988, stack(0x000000e553600000,0x000000e553700000)]
  0x000002ddcccc62a0 JavaThread "Unconstrained build operations Thread 123" [_thread_blocked, id=25988, stack(0x000000e553700000,0x000000e553800000)]
  0x000002ddcccc6cc0 JavaThread "Unconstrained build operations Thread 124" [_thread_blocked, id=19272, stack(0x000000e553800000,0x000000e553900000)]
  0x000002ddcccc3510 JavaThread "Unconstrained build operations Thread 125" [_thread_blocked, id=28260, stack(0x000000e553900000,0x000000e553a00000)]
  0x000002ddcccc9f60 JavaThread "jar transforms Thread 2" [_thread_blocked, id=4940, stack(0x000000e553a00000,0x000000e553b00000)]
  0x000002ddcccca470 JavaThread "Exec process" [_thread_blocked, id=11548, stack(0x000000e553b00000,0x000000e553c00000)]
  0x000002ddcccc7bf0 JavaThread "Exec process Thread 2" [_thread_blocked, id=16164, stack(0x000000e553c00000,0x000000e553d00000)]
  0x000002ddcccc8100 JavaThread "Exec process Thread 3" [_thread_blocked, id=34408, stack(0x000000e553d00000,0x000000e553e00000)]
  0x000002ddcccca980 JavaThread "jar transforms Thread 3" [_thread_blocked, id=23624, stack(0x000000e553e00000,0x000000e553f00000)]
  0x000002ddcccc8b20 JavaThread "Unconstrained build operations Thread 126" [_thread_blocked, id=32688, stack(0x000000e554100000,0x000000e554200000)]
  0x000002ddcccc9030 JavaThread "Unconstrained build operations Thread 127" [_thread_blocked, id=16920, stack(0x000000e554200000,0x000000e554300000)]
  0x000002ddcccc9540 JavaThread "Unconstrained build operations Thread 128" [_thread_blocked, id=11188, stack(0x000000e554300000,0x000000e554400000)]
  0x000002ddcccc9a50 JavaThread "Unconstrained build operations Thread 129" [_thread_blocked, id=6296, stack(0x000000e554400000,0x000000e554500000)]
  0x000002ddcf6c2050 JavaThread "Unconstrained build operations Thread 130" [_thread_blocked, id=20756, stack(0x000000e554500000,0x000000e554600000)]
  0x000002ddce4c2230 JavaThread "Unconstrained build operations Thread 131" [_thread_blocked, id=24400, stack(0x000000e554600000,0x000000e554700000)]
  0x000002ddce0a1cc0 JavaThread "Unconstrained build operations Thread 132" [_thread_blocked, id=28840, stack(0x000000e554700000,0x000000e554800000)]
  0x000002ddce0a21d0 JavaThread "Unconstrained build operations Thread 133" [_thread_blocked, id=28972, stack(0x000000e554800000,0x000000e554900000)]
  0x000002ddce0a0370 JavaThread "Unconstrained build operations Thread 134" [_thread_blocked, id=34780, stack(0x000000e554900000,0x000000e554a00000)]
  0x000002ddce0a17b0 JavaThread "Unconstrained build operations Thread 135" [_thread_blocked, id=23872, stack(0x000000e554a00000,0x000000e554b00000)]
  0x000002ddce09ea20 JavaThread "Unconstrained build operations Thread 136" [_thread_blocked, id=12832, stack(0x000000e554b00000,0x000000e554c00000)]
  0x000002ddce0a26e0 JavaThread "Unconstrained build operations Thread 137" [_thread_blocked, id=32048, stack(0x000000e554c00000,0x000000e554d00000)]
  0x000002ddce09f440 JavaThread "Unconstrained build operations Thread 138" [_thread_blocked, id=8820, stack(0x000000e554d00000,0x000000e554e00000)]
  0x000002ddce09ef30 JavaThread "Unconstrained build operations Thread 139" [_thread_blocked, id=32412, stack(0x000000e554e00000,0x000000e554f00000)]
  0x000002ddce09f950 JavaThread "Unconstrained build operations Thread 140" [_thread_blocked, id=27000, stack(0x000000e554f00000,0x000000e555000000)]
  0x000002ddce0a3610 JavaThread "Unconstrained build operations Thread 141" [_thread_blocked, id=15924, stack(0x000000e555000000,0x000000e555100000)]
  0x000002ddce0a12a0 JavaThread "Unconstrained build operations Thread 142" [_thread_blocked, id=16224, stack(0x000000e555100000,0x000000e555200000)]
  0x000002ddce0a0d90 JavaThread "Unconstrained build operations Thread 143" [_thread_blocked, id=27180, stack(0x000000e555200000,0x000000e555300000)]
  0x000002ddce0a2bf0 JavaThread "Unconstrained build operations Thread 144" [_thread_blocked, id=24996, stack(0x000000e555300000,0x000000e555400000)]
  0x000002ddce0a3100 JavaThread "Unconstrained build operations Thread 145" [_thread_blocked, id=6632, stack(0x000000e555400000,0x000000e555500000)]
  0x000002ddce09fe60 JavaThread "Unconstrained build operations Thread 146" [_thread_blocked, id=29156, stack(0x000000e555500000,0x000000e555600000)]
  0x000002ddce0a4030 JavaThread "Unconstrained build operations Thread 147" [_thread_blocked, id=524, stack(0x000000e555600000,0x000000e555700000)]
  0x000002ddce0a3b20 JavaThread "Unconstrained build operations Thread 148" [_thread_blocked, id=11596, stack(0x000000e555700000,0x000000e555800000)]
  0x000002ddce0a0880 JavaThread "Unconstrained build operations Thread 149" [_thread_blocked, id=1864, stack(0x000000e555800000,0x000000e555900000)]
  0x000002ddce0a5470 JavaThread "Unconstrained build operations Thread 150" [_thread_blocked, id=5788, stack(0x000000e555900000,0x000000e555a00000)]
  0x000002ddce0a4f60 JavaThread "Unconstrained build operations Thread 151" [_thread_blocked, id=10020, stack(0x000000e554000000,0x000000e554100000)]
  0x000002ddce0a5980 JavaThread "Unconstrained build operations Thread 152" [_thread_blocked, id=34696, stack(0x000000e555a00000,0x000000e555b00000)]
  0x000002ddce0a7cf0 JavaThread "Unconstrained build operations Thread 153" [_thread_blocked, id=9868, stack(0x000000e555f00000,0x000000e556000000)]
  0x000002ddce0a5e90 JavaThread "Unconstrained build operations Thread 154" [_thread_blocked, id=13748, stack(0x000000e556000000,0x000000e556100000)]
  0x000002ddce0a6dc0 JavaThread "Unconstrained build operations Thread 155" [_thread_blocked, id=31748, stack(0x000000e556100000,0x000000e556200000)]
  0x000002ddce0a63a0 JavaThread "Unconstrained build operations Thread 156" [_thread_blocked, id=28052, stack(0x000000e556200000,0x000000e556300000)]
  0x000002ddce0a68b0 JavaThread "Unconstrained build operations Thread 157" [_thread_blocked, id=6320, stack(0x000000e556300000,0x000000e556400000)]
  0x000002ddce0a4a50 JavaThread "Unconstrained build operations Thread 158" [_thread_blocked, id=23604, stack(0x000000e556400000,0x000000e556500000)]
  0x000002ddce0a72d0 JavaThread "Unconstrained build operations Thread 159" [_thread_blocked, id=14716, stack(0x000000e556500000,0x000000e556600000)]
  0x000002ddce0a4540 JavaThread "Unconstrained build operations Thread 160" [_thread_blocked, id=27908, stack(0x000000e556600000,0x000000e556700000)]
  0x000002ddce0aa570 JavaThread "jar transforms Thread 4" [_thread_blocked, id=21244, stack(0x000000e555b00000,0x000000e555c00000)]
  0x000002ddce0a77e0 JavaThread "jar transforms Thread 5" [_thread_blocked, id=10064, stack(0x000000e555e00000,0x000000e555f00000)]
  0x000002ddce0aa060 JavaThread "jar transforms Thread 6" [_thread_blocked, id=21716, stack(0x000000e556900000,0x000000e556a00000)]
  0x000002ddce0a8710 JavaThread "build event listener" [_thread_blocked, id=16836, stack(0x000000e556700000,0x000000e556800000)]
  0x000002ddce0abec0 JavaThread "jar transforms Thread 7" [_thread_blocked, id=25512, stack(0x000000e556800000,0x000000e556900000)]
  0x000002ddce0ac3d0 JavaThread "jar transforms Thread 8" [_thread_blocked, id=25776, stack(0x000000e556a00000,0x000000e556b00000)]
  0x000002ddcf6c48d0 JavaThread "jar transforms Thread 9" [_thread_blocked, id=24428, stack(0x000000e556b00000,0x000000e556c00000)]
  0x000002ddcccc71d0 JavaThread "jar transforms Thread 10" [_thread_blocked, id=17028, stack(0x000000e556c00000,0x000000e556d00000)]
  0x000002ddcccc76e0 JavaThread "jar transforms Thread 11" [_thread_blocked, id=23844, stack(0x000000e556d00000,0x000000e556e00000)]
  0x000002ddce0ae230 JavaThread "jar transforms Thread 12" [_thread_blocked, id=10172, stack(0x000000e545c00000,0x000000e545d00000)]
  0x000002ddd0bf7030 JavaThread "jar transforms Thread 13" [_thread_blocked, id=32164, stack(0x000000e553f00000,0x000000e554000000)]
  0x000002ddd0bf7f60 JavaThread "jar transforms Thread 14" [_thread_blocked, id=2744, stack(0x000000e556e00000,0x000000e556f00000)]
  0x000002ddd0bf56e0 JavaThread "jar transforms Thread 15" [_thread_blocked, id=12492, stack(0x000000e556f00000,0x000000e557000000)]
  0x000002ddd0bf8470 JavaThread "jar transforms Thread 16" [_thread_blocked, id=30168, stack(0x000000e557000000,0x000000e557100000)]
  0x000002ddd0bf93a0 JavaThread "build event listener" [_thread_blocked, id=1484, stack(0x000000e545e00000,0x000000e545f00000)]
  0x000002ddd0bf9dc0 JavaThread "Cache worker for execution history cache (C:\XCENTICProject\bhy\android\.gradle\9.3.1\executionHistory)" [_thread_blocked, id=21840, stack(0x000000e54dc00000,0x000000e54dd00000)]
  0x000002ddd0bf6610 JavaThread "WorkerExecutor Queue" [_thread_blocked, id=28420, stack(0x000000e54da00000,0x000000e54db00000)]
  0x000002ddd0bfd060 JavaThread "WorkerExecutor Queue Thread 2" [_thread_blocked, id=21580, stack(0x000000e54d300000,0x000000e54d400000)]
  0x000002ddd0c01c50 JavaThread "WorkerExecutor Queue Thread 3" [_thread_blocked, id=6420, stack(0x000000e557300000,0x000000e557400000)]
  0x000002ddd0c00810 JavaThread "WorkerExecutor Queue Thread 4" [_thread_blocked, id=28980, stack(0x000000e557400000,0x000000e557500000)]
  0x000002ddd0c00d20 JavaThread "WorkerExecutor Queue Thread 5" [_thread_blocked, id=19552, stack(0x000000e557500000,0x000000e557600000)]
  0x000002ddd0c01230 JavaThread "WorkerExecutor Queue Thread 6" [_thread_blocked, id=30684, stack(0x000000e557600000,0x000000e557700000)]
  0x000002ddd0c00300 JavaThread "WorkerExecutor Queue Thread 7" [_thread_blocked, id=11024, stack(0x000000e557700000,0x000000e557800000)]
  0x000002ddd0bfe4a0 JavaThread "WorkerExecutor Queue Thread 8" [_thread_blocked, id=20396, stack(0x000000e557800000,0x000000e557900000)]
  0x000002ddd0c01740 JavaThread "WorkerExecutor Queue Thread 9" [_thread_blocked, id=32700, stack(0x000000e557900000,0x000000e557a00000)]
  0x000002ddd0c02160 JavaThread "WorkerExecutor Queue Thread 10" [_thread_blocked, id=32384, stack(0x000000e557a00000,0x000000e557b00000)]
  0x000002ddd0bff3d0 JavaThread "WorkerExecutor Queue Thread 11" [_thread_blocked, id=32740, stack(0x000000e557b00000,0x000000e557c00000)]
  0x000002ddd0bff8e0 JavaThread "WorkerExecutor Queue Thread 12" [_thread_blocked, id=32248, stack(0x000000e557c00000,0x000000e557d00000)]
  0x000002ddd0bfe9b0 JavaThread "WorkerExecutor Queue Thread 13" [_thread_blocked, id=24372, stack(0x000000e557d00000,0x000000e557e00000)]
  0x000002ddd0c02b80 JavaThread "WorkerExecutor Queue Thread 14" [_thread_blocked, id=2604, stack(0x000000e557e00000,0x000000e557f00000)]
  0x000002ddd0bffdf0 JavaThread "WorkerExecutor Queue Thread 15" [_thread_blocked, id=29572, stack(0x000000e557f00000,0x000000e558000000)]
  0x000002ddd0c02670 JavaThread "WorkerExecutor Queue Thread 16" [_thread_blocked, id=30356, stack(0x000000e558000000,0x000000e558100000)]
  0x000002ddd0f4d400 JavaThread "C1 CompilerThread1" daemon [_thread_blocked, id=32888, stack(0x000000e545d00000,0x000000e545e00000)]
  0x000002ddd0f4e940 JavaThread "C2 CompilerThread1" daemon [_thread_blocked, id=20036, stack(0x000000e54ce00000,0x000000e54cf00000)]

Other Threads:
  0x000002ddaa60f5f0 VMThread "VM Thread" [stack: 0x000000e546500000,0x000000e546600000] [id=25812]
  0x000002ddab534830 WatcherThread [stack: 0x000000e547100000,0x000000e547200000] [id=24612]
  0x000002dd8c3fd1a0 GCTaskThread "GC Thread#0" [stack: 0x000000e546000000,0x000000e546100000] [id=28252]
  0x000002ddab729090 GCTaskThread "GC Thread#1" [stack: 0x000000e547200000,0x000000e547300000] [id=33892]
  0x000002ddab73ee20 GCTaskThread "GC Thread#2" [stack: 0x000000e547300000,0x000000e547400000] [id=27604]
  0x000002ddcb067ee0 GCTaskThread "GC Thread#3" [stack: 0x000000e547400000,0x000000e547500000] [id=13200]
  0x000002ddabbbb800 GCTaskThread "GC Thread#4" [stack: 0x000000e547500000,0x000000e547600000] [id=29840]
  0x000002ddcc88a950 GCTaskThread "GC Thread#5" [stack: 0x000000e548500000,0x000000e548600000] [id=15412]
  0x000002ddcc889b90 GCTaskThread "GC Thread#6" [stack: 0x000000e548600000,0x000000e548700000] [id=10660]
  0x000002ddcc889350 GCTaskThread "GC Thread#7" [stack: 0x000000e548700000,0x000000e548800000] [id=29756]
  0x000002ddcc88a110 GCTaskThread "GC Thread#8" [stack: 0x000000e548800000,0x000000e548900000] [id=34308]
  0x000002ddcc88ac10 GCTaskThread "GC Thread#9" [stack: 0x000000e548900000,0x000000e548a00000] [id=27392]
  0x000002ddcc889090 GCTaskThread "GC Thread#10" [stack: 0x000000e548a00000,0x000000e548b00000] [id=24568]
  0x000002ddcc889610 GCTaskThread "GC Thread#11" [stack: 0x000000e548b00000,0x000000e548c00000] [id=23232]
  0x000002ddcc8898d0 GCTaskThread "GC Thread#12" [stack: 0x000000e548c00000,0x000000e548d00000] [id=3640]
  0x000002dd8c40ecd0 ConcurrentGCThread "G1 Main Marker" [stack: 0x000000e546100000,0x000000e546200000] [id=30052]
  0x000002dd8c40f600 ConcurrentGCThread "G1 Conc#0" [stack: 0x000000e546200000,0x000000e546300000] [id=29660]
  0x000002ddcef5efa0 ConcurrentGCThread "G1 Conc#1" [stack: 0x000000e548e00000,0x000000e548f00000] [id=29108]
  0x000002ddcef5e4a0 ConcurrentGCThread "G1 Conc#2" [stack: 0x000000e548f00000,0x000000e549000000] [id=8132]
  0x000002dd8c44df30 ConcurrentGCThread "G1 Refine#0" [stack: 0x000000e546300000,0x000000e546400000] [id=2884]
  0x000002ddce20bbe0 ConcurrentGCThread "G1 Refine#1" [stack: 0x000000e549900000,0x000000e549a00000] [id=10628]
  0x000002dd8c44e710 ConcurrentGCThread "G1 Service" [stack: 0x000000e546400000,0x000000e546500000] [id=19928]

Threads with active compile tasks:
C2 CompilerThread0   157649 27034       4       javax.management.ObjectName::construct (1135 bytes)

VM state: not at safepoint (normal execution)

VM Mutex/Monitor currently owned by a thread: None

Heap address: 0x0000000080000000, size: 2048 MB, Compressed Oops mode: 32-bit

CDS archive(s) mapped at: [0x000002ddac000000-0x000002ddacbb0000-0x000002ddacbb0000), size 12255232, SharedBaseAddress: 0x000002ddac000000, ArchiveRelocationMode: 1.
Compressed class space mapped at: 0x000002ddad000000-0x000002ddc7000000, reserved size: 436207616
Narrow klass base: 0x000002ddac000000, Narrow klass shift: 0, Narrow klass range: 0x100000000

GC Precious Log:
 CPUs: 16 total, 16 available
 Memory: 7896M
 Large Page Support: Disabled
 NUMA Support: Disabled
 Compressed Oops: Enabled (32-bit)
 Heap Region Size: 1M
 Heap Min Capacity: 8M
 Heap Initial Capacity: 124M
 Heap Max Capacity: 2G
 Pre-touch: Disabled
 Parallel Workers: 13
 Concurrent Workers: 3
 Concurrent Refinement Workers: 13
 Periodic GC: Disabled

Heap:
 garbage-first heap   total 640000K, used 492189K [0x0000000080000000, 0x0000000100000000)
  region size 1024K, 166 young (169984K), 4 survivors (4096K)
 Metaspace       used 141946K, committed 144000K, reserved 557056K
  class space    used 19193K, committed 20160K, reserved 425984K

Heap Regions: E=young(eden), S=young(survivor), O=old, HS=humongous(starts), HC=humongous(continues), CS=collection set, F=free, OA=open archive, CA=closed archive, TAMS=top-at-mark-start (previous, next)
|   0|0x0000000080000000, 0x0000000080100000, 0x0000000080100000|100%|HS|  |TAMS 0x0000000080100000, 0x0000000080000000| Complete 
|   1|0x0000000080100000, 0x0000000080200000, 0x0000000080200000|100%|HC|  |TAMS 0x0000000080200000, 0x0000000080100000| Complete 
|   2|0x0000000080200000, 0x0000000080300000, 0x0000000080300000|100%|HC|  |TAMS 0x0000000080300000, 0x0000000080200000| Complete 
|   3|0x0000000080300000, 0x0000000080400000, 0x0000000080400000|100%|HC|  |TAMS 0x0000000080400000, 0x0000000080300000| Complete 
|   4|0x0000000080400000, 0x0000000080500000, 0x0000000080500000|100%| O|  |TAMS 0x0000000080500000, 0x0000000080400000| Untracked 
|   5|0x0000000080500000, 0x0000000080600000, 0x0000000080600000|100%| O|  |TAMS 0x0000000080600000, 0x0000000080500000| Untracked 
|   6|0x0000000080600000, 0x0000000080700000, 0x0000000080700000|100%| O|  |TAMS 0x0000000080700000, 0x0000000080600000| Untracked 
|   7|0x0000000080700000, 0x0000000080800000, 0x0000000080800000|100%|HS|  |TAMS 0x0000000080800000, 0x0000000080700000| Complete 
|   8|0x0000000080800000, 0x0000000080900000, 0x0000000080900000|100%| O|  |TAMS 0x0000000080900000, 0x0000000080800000| Untracked 
|   9|0x0000000080900000, 0x0000000080a00000, 0x0000000080a00000|100%| O|  |TAMS 0x0000000080a00000, 0x0000000080900000| Untracked 
|  10|0x0000000080a00000, 0x0000000080b00000, 0x0000000080b00000|100%| O|  |TAMS 0x0000000080b00000, 0x0000000080a00000| Untracked 
|  11|0x0000000080b00000, 0x0000000080c00000, 0x0000000080c00000|100%| O|  |TAMS 0x0000000080c00000, 0x0000000080b00000| Untracked 
|  12|0x0000000080c00000, 0x0000000080d00000, 0x0000000080d00000|100%| O|  |TAMS 0x0000000080d00000, 0x0000000080c00000| Untracked 
|  13|0x0000000080d00000, 0x0000000080e00000, 0x0000000080e00000|100%| O|  |TAMS 0x0000000080e00000, 0x0000000080d00000| Untracked 
|  14|0x0000000080e00000, 0x0000000080f00000, 0x0000000080f00000|100%| O|  |TAMS 0x0000000080f00000, 0x0000000080e00000| Untracked 
|  15|0x0000000080f00000, 0x0000000081000000, 0x0000000081000000|100%| O|  |TAMS 0x0000000081000000, 0x0000000080f00000| Untracked 
|  16|0x0000000081000000, 0x0000000081100000, 0x0000000081100000|100%| O|  |TAMS 0x0000000081100000, 0x0000000081000000| Untracked 
|  17|0x0000000081100000, 0x0000000081200000, 0x0000000081200000|100%| O|  |TAMS 0x0000000081200000, 0x0000000081100000| Untracked 
|  18|0x0000000081200000, 0x0000000081300000, 0x0000000081300000|100%| O|  |TAMS 0x0000000081300000, 0x0000000081200000| Untracked 
|  19|0x0000000081300000, 0x0000000081400000, 0x0000000081400000|100%| O|  |TAMS 0x0000000081400000, 0x0000000081300000| Untracked 
|  20|0x0000000081400000, 0x0000000081500000, 0x0000000081500000|100%| O|  |TAMS 0x0000000081500000, 0x0000000081400000| Untracked 
|  21|0x0000000081500000, 0x0000000081600000, 0x0000000081600000|100%| O|  |TAMS 0x0000000081600000, 0x0000000081500000| Untracked 
|  22|0x0000000081600000, 0x0000000081700000, 0x0000000081700000|100%| O|  |TAMS 0x0000000081700000, 0x0000000081600000| Untracked 
|  23|0x0000000081700000, 0x0000000081800000, 0x0000000081800000|100%| O|  |TAMS 0x0000000081800000, 0x0000000081700000| Untracked 
|  24|0x0000000081800000, 0x0000000081900000, 0x0000000081900000|100%| O|  |TAMS 0x0000000081900000, 0x0000000081800000| Untracked 
|  25|0x0000000081900000, 0x0000000081a00000, 0x0000000081a00000|100%| O|  |TAMS 0x0000000081a00000, 0x0000000081900000| Untracked 
|  26|0x0000000081a00000, 0x0000000081b00000, 0x0000000081b00000|100%| O|  |TAMS 0x0000000081b00000, 0x0000000081a00000| Untracked 
|  27|0x0000000081b00000, 0x0000000081c00000, 0x0000000081c00000|100%| O|  |TAMS 0x0000000081c00000, 0x0000000081b00000| Untracked 
|  28|0x0000000081c00000, 0x0000000081d00000, 0x0000000081d00000|100%| O|  |TAMS 0x0000000081d00000, 0x0000000081c00000| Untracked 
|  29|0x0000000081d00000, 0x0000000081e00000, 0x0000000081e00000|100%| O|  |TAMS 0x0000000081e00000, 0x0000000081d00000| Untracked 
|  30|0x0000000081e00000, 0x0000000081f00000, 0x0000000081f00000|100%| O|  |TAMS 0x0000000081f00000, 0x0000000081e00000| Untracked 
|  31|0x0000000081f00000, 0x0000000082000000, 0x0000000082000000|100%| O|  |TAMS 0x0000000082000000, 0x0000000081f00000| Untracked 
|  32|0x0000000082000000, 0x0000000082100000, 0x0000000082100000|100%| O|  |TAMS 0x0000000082100000, 0x0000000082000000| Untracked 
|  33|0x0000000082100000, 0x0000000082200000, 0x0000000082200000|100%| O|  |TAMS 0x0000000082200000, 0x0000000082100000| Untracked 
|  34|0x0000000082200000, 0x0000000082300000, 0x0000000082300000|100%| O|  |TAMS 0x0000000082300000, 0x0000000082200000| Untracked 
|  35|0x0000000082300000, 0x0000000082400000, 0x0000000082400000|100%| O|  |TAMS 0x0000000082400000, 0x0000000082300000| Untracked 
|  36|0x0000000082400000, 0x0000000082500000, 0x0000000082500000|100%| O|  |TAMS 0x0000000082500000, 0x0000000082400000| Untracked 
|  37|0x0000000082500000, 0x0000000082600000, 0x0000000082600000|100%| O|  |TAMS 0x0000000082600000, 0x0000000082500000| Untracked 
|  38|0x0000000082600000, 0x0000000082700000, 0x0000000082700000|100%| O|  |TAMS 0x0000000082700000, 0x0000000082600000| Untracked 
|  39|0x0000000082700000, 0x0000000082800000, 0x0000000082800000|100%|HS|  |TAMS 0x0000000082800000, 0x0000000082700000| Complete 
|  40|0x0000000082800000, 0x0000000082900000, 0x0000000082900000|100%|HC|  |TAMS 0x0000000082900000, 0x0000000082800000| Complete 
|  41|0x0000000082900000, 0x0000000082a00000, 0x0000000082a00000|100%|HC|  |TAMS 0x0000000082a00000, 0x0000000082900000| Complete 
|  42|0x0000000082a00000, 0x0000000082b00000, 0x0000000082b00000|100%|HS|  |TAMS 0x0000000082b00000, 0x0000000082a00000| Complete 
|  43|0x0000000082b00000, 0x0000000082c00000, 0x0000000082c00000|100%|HC|  |TAMS 0x0000000082c00000, 0x0000000082b00000| Complete 
|  44|0x0000000082c00000, 0x0000000082d00000, 0x0000000082d00000|100%|HC|  |TAMS 0x0000000082d00000, 0x0000000082c00000| Complete 
|  45|0x0000000082d00000, 0x0000000082e00000, 0x0000000082e00000|100%| O|  |TAMS 0x0000000082e00000, 0x0000000082d00000| Untracked 
|  46|0x0000000082e00000, 0x0000000082f00000, 0x0000000082f00000|100%|HS|  |TAMS 0x0000000082e00000, 0x0000000082e00000| Complete 
|  47|0x0000000082f00000, 0x0000000083000000, 0x0000000083000000|100%|HS|  |TAMS 0x0000000083000000, 0x0000000082f00000| Complete 
|  48|0x0000000083000000, 0x0000000083100000, 0x0000000083100000|100%| O|  |TAMS 0x0000000083100000, 0x0000000083000000| Untracked 
|  49|0x0000000083100000, 0x0000000083200000, 0x0000000083200000|100%| O|  |TAMS 0x0000000083200000, 0x0000000083100000| Untracked 
|  50|0x0000000083200000, 0x0000000083300000, 0x0000000083300000|100%| O|  |TAMS 0x0000000083300000, 0x0000000083200000| Untracked 
|  51|0x0000000083300000, 0x0000000083400000, 0x0000000083400000|100%| O|  |TAMS 0x0000000083400000, 0x0000000083300000| Untracked 
|  52|0x0000000083400000, 0x0000000083500000, 0x0000000083500000|100%| O|  |TAMS 0x0000000083500000, 0x0000000083400000| Untracked 
|  53|0x0000000083500000, 0x0000000083600000, 0x0000000083600000|100%| O|  |TAMS 0x0000000083600000, 0x0000000083500000| Untracked 
|  54|0x0000000083600000, 0x0000000083700000, 0x0000000083700000|100%| O|  |TAMS 0x0000000083700000, 0x0000000083600000| Untracked 
|  55|0x0000000083700000, 0x0000000083800000, 0x0000000083800000|100%| O|  |TAMS 0x0000000083800000, 0x0000000083700000| Untracked 
|  56|0x0000000083800000, 0x0000000083900000, 0x0000000083900000|100%| O|  |TAMS 0x0000000083900000, 0x0000000083800000| Untracked 
|  57|0x0000000083900000, 0x0000000083a00000, 0x0000000083a00000|100%| O|  |TAMS 0x0000000083a00000, 0x0000000083900000| Untracked 
|  58|0x0000000083a00000, 0x0000000083b00000, 0x0000000083b00000|100%| O|  |TAMS 0x0000000083b00000, 0x0000000083a00000| Untracked 
|  59|0x0000000083b00000, 0x0000000083c00000, 0x0000000083c00000|100%| O|  |TAMS 0x0000000083c00000, 0x0000000083b00000| Untracked 
|  60|0x0000000083c00000, 0x0000000083d00000, 0x0000000083d00000|100%| O|  |TAMS 0x0000000083d00000, 0x0000000083c00000| Untracked 
|  61|0x0000000083d00000, 0x0000000083e00000, 0x0000000083e00000|100%| O|  |TAMS 0x0000000083e00000, 0x0000000083d00000| Untracked 
|  62|0x0000000083e00000, 0x0000000083f00000, 0x0000000083f00000|100%| O|  |TAMS 0x0000000083f00000, 0x0000000083e00000| Untracked 
|  63|0x0000000083f00000, 0x0000000084000000, 0x0000000084000000|100%| O|  |TAMS 0x0000000084000000, 0x0000000083f00000| Untracked 
|  64|0x0000000084000000, 0x0000000084100000, 0x0000000084100000|100%| O|  |TAMS 0x0000000084100000, 0x0000000084000000| Untracked 
|  65|0x0000000084100000, 0x0000000084200000, 0x0000000084200000|100%| O|  |TAMS 0x0000000084200000, 0x0000000084100000| Untracked 
|  66|0x0000000084200000, 0x0000000084300000, 0x0000000084300000|100%| O|  |TAMS 0x0000000084300000, 0x0000000084200000| Untracked 
|  67|0x0000000084300000, 0x0000000084400000, 0x0000000084400000|100%| O|  |TAMS 0x0000000084400000, 0x0000000084300000| Untracked 
|  68|0x0000000084400000, 0x0000000084500000, 0x0000000084500000|100%| O|  |TAMS 0x0000000084500000, 0x0000000084400000| Untracked 
|  69|0x0000000084500000, 0x0000000084600000, 0x0000000084600000|100%| O|  |TAMS 0x0000000084600000, 0x0000000084500000| Untracked 
|  70|0x0000000084600000, 0x0000000084700000, 0x0000000084700000|100%| O|  |TAMS 0x0000000084700000, 0x0000000084600000| Untracked 
|  71|0x0000000084700000, 0x0000000084800000, 0x0000000084800000|100%| O|  |TAMS 0x0000000084800000, 0x0000000084700000| Untracked 
|  72|0x0000000084800000, 0x0000000084900000, 0x0000000084900000|100%| O|  |TAMS 0x0000000084900000, 0x0000000084800000| Untracked 
|  73|0x0000000084900000, 0x0000000084a00000, 0x0000000084a00000|100%|HS|  |TAMS 0x0000000084a00000, 0x0000000084900000| Complete 
|  74|0x0000000084a00000, 0x0000000084b00000, 0x0000000084b00000|100%| O|  |TAMS 0x0000000084b00000, 0x0000000084a00000| Untracked 
|  75|0x0000000084b00000, 0x0000000084c00000, 0x0000000084c00000|100%| O|  |TAMS 0x0000000084c00000, 0x0000000084b00000| Untracked 
|  76|0x0000000084c00000, 0x0000000084d00000, 0x0000000084d00000|100%| O|  |TAMS 0x0000000084d00000, 0x0000000084c00000| Untracked 
|  77|0x0000000084d00000, 0x0000000084e00000, 0x0000000084e00000|100%| O|  |TAMS 0x0000000084e00000, 0x0000000084d00000| Untracked 
|  78|0x0000000084e00000, 0x0000000084f00000, 0x0000000084f00000|100%| O|  |TAMS 0x0000000084f00000, 0x0000000084e00000| Untracked 
|  79|0x0000000084f00000, 0x0000000085000000, 0x0000000085000000|100%| O|  |TAMS 0x0000000085000000, 0x0000000084f00000| Untracked 
|  80|0x0000000085000000, 0x0000000085100000, 0x0000000085100000|100%| O|  |TAMS 0x0000000085100000, 0x0000000085000000| Untracked 
|  81|0x0000000085100000, 0x0000000085200000, 0x0000000085200000|100%| O|  |TAMS 0x0000000085200000, 0x0000000085100000| Untracked 
|  82|0x0000000085200000, 0x0000000085300000, 0x0000000085300000|100%|HS|  |TAMS 0x0000000085300000, 0x0000000085200000| Complete 
|  83|0x0000000085300000, 0x0000000085400000, 0x0000000085400000|100%|HS|  |TAMS 0x0000000085400000, 0x0000000085300000| Complete 
|  84|0x0000000085400000, 0x0000000085500000, 0x0000000085500000|100%|HS|  |TAMS 0x0000000085500000, 0x0000000085400000| Complete 
|  85|0x0000000085500000, 0x0000000085600000, 0x0000000085600000|100%|HS|  |TAMS 0x0000000085600000, 0x0000000085500000| Complete 
|  86|0x0000000085600000, 0x0000000085700000, 0x0000000085700000|100%|HS|  |TAMS 0x0000000085700000, 0x0000000085600000| Complete 
|  87|0x0000000085700000, 0x0000000085800000, 0x0000000085800000|100%|HC|  |TAMS 0x0000000085800000, 0x0000000085700000| Complete 
|  88|0x0000000085800000, 0x0000000085900000, 0x0000000085900000|100%|HC|  |TAMS 0x0000000085900000, 0x0000000085800000| Complete 
|  89|0x0000000085900000, 0x0000000085a00000, 0x0000000085a00000|100%| O|  |TAMS 0x0000000085a00000, 0x0000000085900000| Untracked 
|  90|0x0000000085a00000, 0x0000000085b00000, 0x0000000085b00000|100%|HS|  |TAMS 0x0000000085b00000, 0x0000000085a00000| Complete 
|  91|0x0000000085b00000, 0x0000000085c00000, 0x0000000085c00000|100%| O|  |TAMS 0x0000000085c00000, 0x0000000085b00000| Untracked 
|  92|0x0000000085c00000, 0x0000000085d00000, 0x0000000085d00000|100%| O|  |TAMS 0x0000000085d00000, 0x0000000085c00000| Untracked 
|  93|0x0000000085d00000, 0x0000000085e00000, 0x0000000085e00000|100%| O|  |TAMS 0x0000000085e00000, 0x0000000085d00000| Untracked 
|  94|0x0000000085e00000, 0x0000000085f00000, 0x0000000085f00000|100%| O|  |TAMS 0x0000000085f00000, 0x0000000085e00000| Untracked 
|  95|0x0000000085f00000, 0x0000000086000000, 0x0000000086000000|100%| O|  |TAMS 0x0000000086000000, 0x0000000085f00000| Untracked 
|  96|0x0000000086000000, 0x0000000086100000, 0x0000000086100000|100%| O|  |TAMS 0x0000000086100000, 0x0000000086000000| Untracked 
|  97|0x0000000086100000, 0x0000000086200000, 0x0000000086200000|100%| O|  |TAMS 0x0000000086200000, 0x0000000086100000| Untracked 
|  98|0x0000000086200000, 0x0000000086300000, 0x0000000086300000|100%| O|  |TAMS 0x0000000086300000, 0x0000000086200000| Untracked 
|  99|0x0000000086300000, 0x0000000086400000, 0x0000000086400000|100%|HS|  |TAMS 0x0000000086300000, 0x0000000086300000| Complete 
| 100|0x0000000086400000, 0x0000000086500000, 0x0000000086500000|100%| O|  |TAMS 0x0000000086500000, 0x0000000086400000| Untracked 
| 101|0x0000000086500000, 0x0000000086600000, 0x0000000086600000|100%|HS|  |TAMS 0x0000000086500000, 0x0000000086500000| Complete 
| 102|0x0000000086600000, 0x0000000086700000, 0x0000000086700000|100%| O|  |TAMS 0x0000000086600000, 0x0000000086600000| Untracked 
| 103|0x0000000086700000, 0x0000000086800000, 0x0000000086800000|100%| O|  |TAMS 0x0000000086800000, 0x0000000086700000| Untracked 
| 104|0x0000000086800000, 0x0000000086900000, 0x0000000086900000|100%| O|  |TAMS 0x0000000086900000, 0x0000000086800000| Untracked 
| 105|0x0000000086900000, 0x0000000086a00000, 0x0000000086a00000|100%| O|  |TAMS 0x0000000086a00000, 0x0000000086900000| Untracked 
| 106|0x0000000086a00000, 0x0000000086b00000, 0x0000000086b00000|100%| O|  |TAMS 0x0000000086b00000, 0x0000000086a00000| Untracked 
| 107|0x0000000086b00000, 0x0000000086c00000, 0x0000000086c00000|100%| O|  |TAMS 0x0000000086c00000, 0x0000000086b00000| Untracked 
| 108|0x0000000086c00000, 0x0000000086d00000, 0x0000000086d00000|100%| O|  |TAMS 0x0000000086d00000, 0x0000000086c00000| Untracked 
| 109|0x0000000086d00000, 0x0000000086e00000, 0x0000000086e00000|100%| O|  |TAMS 0x0000000086e00000, 0x0000000086d00000| Untracked 
| 110|0x0000000086e00000, 0x0000000086f00000, 0x0000000086f00000|100%| O|  |TAMS 0x0000000086f00000, 0x0000000086e00000| Untracked 
| 111|0x0000000086f00000, 0x0000000087000000, 0x0000000087000000|100%| O|  |TAMS 0x0000000087000000, 0x0000000086f00000| Untracked 
| 112|0x0000000087000000, 0x0000000087100000, 0x0000000087100000|100%| O|  |TAMS 0x0000000087100000, 0x0000000087000000| Untracked 
| 113|0x0000000087100000, 0x0000000087200000, 0x0000000087200000|100%| O|  |TAMS 0x0000000087200000, 0x0000000087100000| Untracked 
| 114|0x0000000087200000, 0x0000000087300000, 0x0000000087300000|100%| O|  |TAMS 0x0000000087300000, 0x0000000087200000| Untracked 
| 115|0x0000000087300000, 0x0000000087400000, 0x0000000087400000|100%| O|  |TAMS 0x0000000087400000, 0x0000000087300000| Untracked 
| 116|0x0000000087400000, 0x0000000087500000, 0x0000000087500000|100%| O|  |TAMS 0x0000000087500000, 0x0000000087400000| Untracked 
| 117|0x0000000087500000, 0x0000000087600000, 0x0000000087600000|100%| O|  |TAMS 0x0000000087600000, 0x0000000087500000| Untracked 
| 118|0x0000000087600000, 0x0000000087700000, 0x0000000087700000|100%| O|  |TAMS 0x0000000087700000, 0x0000000087600000| Untracked 
| 119|0x0000000087700000, 0x0000000087800000, 0x0000000087800000|100%| O|  |TAMS 0x0000000087800000, 0x0000000087700000| Untracked 
| 120|0x0000000087800000, 0x0000000087900000, 0x0000000087900000|100%| O|  |TAMS 0x0000000087900000, 0x0000000087800000| Untracked 
| 121|0x0000000087900000, 0x0000000087a00000, 0x0000000087a00000|100%| O|  |TAMS 0x0000000087a00000, 0x0000000087900000| Untracked 
| 122|0x0000000087a00000, 0x0000000087b00000, 0x0000000087b00000|100%| O|  |TAMS 0x0000000087b00000, 0x0000000087a00000| Untracked 
| 123|0x0000000087b00000, 0x0000000087c00000, 0x0000000087c00000|100%| O|  |TAMS 0x0000000087c00000, 0x0000000087b00000| Untracked 
| 124|0x0000000087c00000, 0x0000000087d00000, 0x0000000087d00000|100%| O|  |TAMS 0x0000000087d00000, 0x0000000087c00000| Untracked 
| 125|0x0000000087d00000, 0x0000000087e00000, 0x0000000087e00000|100%| O|  |TAMS 0x0000000087e00000, 0x0000000087d00000| Untracked 
| 126|0x0000000087e00000, 0x0000000087f00000, 0x0000000087f00000|100%| O|  |TAMS 0x0000000087f00000, 0x0000000087e00000| Untracked 
| 127|0x0000000087f00000, 0x0000000088000000, 0x0000000088000000|100%| O|  |TAMS 0x0000000088000000, 0x0000000087f00000| Untracked 
| 128|0x0000000088000000, 0x0000000088100000, 0x0000000088100000|100%| O|  |TAMS 0x0000000088100000, 0x0000000088000000| Untracked 
| 129|0x0000000088100000, 0x0000000088200000, 0x0000000088200000|100%| O|  |TAMS 0x0000000088200000, 0x0000000088100000| Untracked 
| 130|0x0000000088200000, 0x0000000088300000, 0x0000000088300000|100%| O|  |TAMS 0x00000000882fa800, 0x0000000088200000| Untracked 
| 131|0x0000000088300000, 0x0000000088400000, 0x0000000088400000|100%|HS|  |TAMS 0x0000000088400000, 0x0000000088300000| Complete 
| 132|0x0000000088400000, 0x0000000088500000, 0x0000000088500000|100%|HS|  |TAMS 0x0000000088500000, 0x0000000088400000| Complete 
| 133|0x0000000088500000, 0x0000000088600000, 0x0000000088600000|100%|HS|  |TAMS 0x0000000088600000, 0x0000000088500000| Complete 
| 134|0x0000000088600000, 0x0000000088700000, 0x0000000088700000|100%|HS|  |TAMS 0x0000000088700000, 0x0000000088600000| Complete 
| 135|0x0000000088700000, 0x0000000088800000, 0x0000000088800000|100%| O|  |TAMS 0x0000000088700000, 0x0000000088700000| Untracked 
| 136|0x0000000088800000, 0x0000000088900000, 0x0000000088900000|100%| O|  |TAMS 0x0000000088800000, 0x0000000088800000| Untracked 
| 137|0x0000000088900000, 0x0000000088a00000, 0x0000000088a00000|100%| O|  |TAMS 0x0000000088900000, 0x0000000088900000| Untracked 
| 138|0x0000000088a00000, 0x0000000088b00000, 0x0000000088b00000|100%| O|  |TAMS 0x0000000088a00000, 0x0000000088a00000| Untracked 
| 139|0x0000000088b00000, 0x0000000088c00000, 0x0000000088c00000|100%| O|  |TAMS 0x0000000088b00000, 0x0000000088b00000| Untracked 
| 140|0x0000000088c00000, 0x0000000088d00000, 0x0000000088d00000|100%| O|  |TAMS 0x0000000088c00000, 0x0000000088c00000| Untracked 
| 141|0x0000000088d00000, 0x0000000088e00000, 0x0000000088e00000|100%| O|  |TAMS 0x0000000088d00000, 0x0000000088d00000| Untracked 
| 142|0x0000000088e00000, 0x0000000088f00000, 0x0000000088f00000|100%| O|  |TAMS 0x0000000088e00000, 0x0000000088e00000| Untracked 
| 143|0x0000000088f00000, 0x0000000089000000, 0x0000000089000000|100%| O|  |TAMS 0x0000000088f00000, 0x0000000088f00000| Untracked 
| 144|0x0000000089000000, 0x0000000089100000, 0x0000000089100000|100%| O|  |TAMS 0x0000000089000000, 0x0000000089000000| Untracked 
| 145|0x0000000089100000, 0x0000000089200000, 0x0000000089200000|100%| O|  |TAMS 0x0000000089100000, 0x0000000089100000| Untracked 
| 146|0x0000000089200000, 0x0000000089300000, 0x0000000089300000|100%| O|  |TAMS 0x0000000089200000, 0x0000000089200000| Untracked 
| 147|0x0000000089300000, 0x0000000089400000, 0x0000000089400000|100%| O|  |TAMS 0x0000000089300000, 0x0000000089300000| Untracked 
| 148|0x0000000089400000, 0x0000000089500000, 0x0000000089500000|100%| O|  |TAMS 0x0000000089400000, 0x0000000089400000| Untracked 
| 149|0x0000000089500000, 0x0000000089600000, 0x0000000089600000|100%| O|  |TAMS 0x0000000089500000, 0x0000000089500000| Untracked 
| 150|0x0000000089600000, 0x0000000089700000, 0x0000000089700000|100%| O|  |TAMS 0x0000000089600000, 0x0000000089600000| Untracked 
| 151|0x0000000089700000, 0x0000000089800000, 0x0000000089800000|100%| O|  |TAMS 0x0000000089700000, 0x0000000089700000| Untracked 
| 152|0x0000000089800000, 0x0000000089900000, 0x0000000089900000|100%| O|  |TAMS 0x0000000089800000, 0x0000000089800000| Untracked 
| 153|0x0000000089900000, 0x0000000089a00000, 0x0000000089a00000|100%| O|  |TAMS 0x0000000089900000, 0x0000000089900000| Untracked 
| 154|0x0000000089a00000, 0x0000000089b00000, 0x0000000089b00000|100%| O|  |TAMS 0x0000000089a00000, 0x0000000089a00000| Untracked 
| 155|0x0000000089b00000, 0x0000000089c00000, 0x0000000089c00000|100%| O|  |TAMS 0x0000000089b00000, 0x0000000089b00000| Untracked 
| 156|0x0000000089c00000, 0x0000000089d00000, 0x0000000089d00000|100%| O|  |TAMS 0x0000000089c00000, 0x0000000089c00000| Untracked 
| 157|0x0000000089d00000, 0x0000000089e00000, 0x0000000089e00000|100%| O|  |TAMS 0x0000000089d00000, 0x0000000089d00000| Untracked 
| 158|0x0000000089e00000, 0x0000000089f00000, 0x0000000089f00000|100%| O|  |TAMS 0x0000000089e00000, 0x0000000089e00000| Untracked 
| 159|0x0000000089f00000, 0x000000008a000000, 0x000000008a000000|100%| O|  |TAMS 0x0000000089f00000, 0x0000000089f00000| Untracked 
| 160|0x000000008a000000, 0x000000008a100000, 0x000000008a100000|100%|HS|  |TAMS 0x000000008a000000, 0x000000008a000000| Complete 
| 161|0x000000008a100000, 0x000000008a200000, 0x000000008a200000|100%|HC|  |TAMS 0x000000008a100000, 0x000000008a100000| Complete 
| 162|0x000000008a200000, 0x000000008a300000, 0x000000008a300000|100%| O|  |TAMS 0x000000008a200000, 0x000000008a200000| Untracked 
| 163|0x000000008a300000, 0x000000008a400000, 0x000000008a400000|100%| O|  |TAMS 0x000000008a300000, 0x000000008a300000| Untracked 
| 164|0x000000008a400000, 0x000000008a500000, 0x000000008a500000|100%| O|  |TAMS 0x000000008a400000, 0x000000008a400000| Untracked 
| 165|0x000000008a500000, 0x000000008a600000, 0x000000008a600000|100%| O|  |TAMS 0x000000008a500000, 0x000000008a500000| Untracked 
| 166|0x000000008a600000, 0x000000008a700000, 0x000000008a700000|100%| O|  |TAMS 0x000000008a600000, 0x000000008a600000| Untracked 
| 167|0x000000008a700000, 0x000000008a800000, 0x000000008a800000|100%|HS|  |TAMS 0x000000008a700000, 0x000000008a700000| Complete 
| 168|0x000000008a800000, 0x000000008a900000, 0x000000008a900000|100%| O|  |TAMS 0x000000008a800000, 0x000000008a800000| Untracked 
| 169|0x000000008a900000, 0x000000008aa00000, 0x000000008aa00000|100%| O|  |TAMS 0x000000008a900000, 0x000000008a900000| Untracked 
| 170|0x000000008aa00000, 0x000000008ab00000, 0x000000008ab00000|100%| O|  |TAMS 0x000000008aa00000, 0x000000008aa00000| Untracked 
| 171|0x000000008ab00000, 0x000000008ac00000, 0x000000008ac00000|100%| O|  |TAMS 0x000000008ab00000, 0x000000008ab00000| Untracked 
| 172|0x000000008ac00000, 0x000000008ad00000, 0x000000008ad00000|100%| O|  |TAMS 0x000000008ac00000, 0x000000008ac00000| Untracked 
| 173|0x000000008ad00000, 0x000000008ae00000, 0x000000008ae00000|100%| O|  |TAMS 0x000000008ad00000, 0x000000008ad00000| Untracked 
| 174|0x000000008ae00000, 0x000000008af00000, 0x000000008af00000|100%| O|  |TAMS 0x000000008ae00000, 0x000000008ae00000| Untracked 
| 175|0x000000008af00000, 0x000000008b000000, 0x000000008b000000|100%| O|  |TAMS 0x000000008af00000, 0x000000008af00000| Untracked 
| 176|0x000000008b000000, 0x000000008b100000, 0x000000008b100000|100%| O|  |TAMS 0x000000008b000000, 0x000000008b000000| Untracked 
| 177|0x000000008b100000, 0x000000008b200000, 0x000000008b200000|100%| O|  |TAMS 0x000000008b100000, 0x000000008b100000| Untracked 
| 178|0x000000008b200000, 0x000000008b300000, 0x000000008b300000|100%| O|  |TAMS 0x000000008b200000, 0x000000008b200000| Untracked 
| 179|0x000000008b300000, 0x000000008b400000, 0x000000008b400000|100%| O|  |TAMS 0x000000008b300000, 0x000000008b300000| Untracked 
| 180|0x000000008b400000, 0x000000008b500000, 0x000000008b500000|100%| O|  |TAMS 0x000000008b400000, 0x000000008b400000| Untracked 
| 181|0x000000008b500000, 0x000000008b600000, 0x000000008b600000|100%| O|  |TAMS 0x000000008b500000, 0x000000008b500000| Untracked 
| 182|0x000000008b600000, 0x000000008b700000, 0x000000008b700000|100%| O|  |TAMS 0x000000008b600000, 0x000000008b600000| Untracked 
| 183|0x000000008b700000, 0x000000008b800000, 0x000000008b800000|100%| O|  |TAMS 0x000000008b700000, 0x000000008b700000| Untracked 
| 184|0x000000008b800000, 0x000000008b900000, 0x000000008b900000|100%| O|  |TAMS 0x000000008b800000, 0x000000008b800000| Untracked 
| 185|0x000000008b900000, 0x000000008ba00000, 0x000000008ba00000|100%| O|  |TAMS 0x000000008b900000, 0x000000008b900000| Untracked 
| 186|0x000000008ba00000, 0x000000008bb00000, 0x000000008bb00000|100%| O|  |TAMS 0x000000008ba00000, 0x000000008ba00000| Untracked 
| 187|0x000000008bb00000, 0x000000008bc00000, 0x000000008bc00000|100%| O|  |TAMS 0x000000008bb00000, 0x000000008bb00000| Untracked 
| 188|0x000000008bc00000, 0x000000008bd00000, 0x000000008bd00000|100%| O|  |TAMS 0x000000008bc00000, 0x000000008bc00000| Untracked 
| 189|0x000000008bd00000, 0x000000008be00000, 0x000000008be00000|100%| O|  |TAMS 0x000000008bd00000, 0x000000008bd00000| Untracked 
| 190|0x000000008be00000, 0x000000008bf00000, 0x000000008bf00000|100%| O|  |TAMS 0x000000008be00000, 0x000000008be00000| Untracked 
| 191|0x000000008bf00000, 0x000000008c000000, 0x000000008c000000|100%| O|  |TAMS 0x000000008bf00000, 0x000000008bf00000| Untracked 
| 192|0x000000008c000000, 0x000000008c100000, 0x000000008c100000|100%| O|  |TAMS 0x000000008c000000, 0x000000008c000000| Untracked 
| 193|0x000000008c100000, 0x000000008c200000, 0x000000008c200000|100%| O|  |TAMS 0x000000008c100000, 0x000000008c100000| Untracked 
| 194|0x000000008c200000, 0x000000008c300000, 0x000000008c300000|100%| O|  |TAMS 0x000000008c200000, 0x000000008c200000| Untracked 
| 195|0x000000008c300000, 0x000000008c400000, 0x000000008c400000|100%| O|  |TAMS 0x000000008c300000, 0x000000008c300000| Untracked 
| 196|0x000000008c400000, 0x000000008c500000, 0x000000008c500000|100%| O|  |TAMS 0x000000008c400000, 0x000000008c400000| Untracked 
| 197|0x000000008c500000, 0x000000008c600000, 0x000000008c600000|100%| O|  |TAMS 0x000000008c500000, 0x000000008c500000| Untracked 
| 198|0x000000008c600000, 0x000000008c700000, 0x000000008c700000|100%| O|  |TAMS 0x000000008c600000, 0x000000008c600000| Untracked 
| 199|0x000000008c700000, 0x000000008c800000, 0x000000008c800000|100%| O|  |TAMS 0x000000008c700000, 0x000000008c700000| Untracked 
| 200|0x000000008c800000, 0x000000008c900000, 0x000000008c900000|100%| O|  |TAMS 0x000000008c800000, 0x000000008c800000| Untracked 
| 201|0x000000008c900000, 0x000000008ca00000, 0x000000008ca00000|100%| O|  |TAMS 0x000000008c900000, 0x000000008c900000| Untracked 
| 202|0x000000008ca00000, 0x000000008cb00000, 0x000000008cb00000|100%| O|  |TAMS 0x000000008ca00000, 0x000000008ca00000| Untracked 
| 203|0x000000008cb00000, 0x000000008cc00000, 0x000000008cc00000|100%| O|  |TAMS 0x000000008cb00000, 0x000000008cb00000| Untracked 
| 204|0x000000008cc00000, 0x000000008cd00000, 0x000000008cd00000|100%| O|  |TAMS 0x000000008cc00000, 0x000000008cc00000| Untracked 
| 205|0x000000008cd00000, 0x000000008ce00000, 0x000000008ce00000|100%|HS|  |TAMS 0x000000008cd00000, 0x000000008cd00000| Complete 
| 206|0x000000008ce00000, 0x000000008cf00000, 0x000000008cf00000|100%|HC|  |TAMS 0x000000008ce00000, 0x000000008ce00000| Complete 
| 207|0x000000008cf00000, 0x000000008d000000, 0x000000008d000000|100%| O|  |TAMS 0x000000008cf00000, 0x000000008cf00000| Untracked 
| 208|0x000000008d000000, 0x000000008d100000, 0x000000008d100000|100%| O|  |TAMS 0x000000008d000000, 0x000000008d000000| Untracked 
| 209|0x000000008d100000, 0x000000008d200000, 0x000000008d200000|100%| O|  |TAMS 0x000000008d100000, 0x000000008d100000| Untracked 
| 210|0x000000008d200000, 0x000000008d300000, 0x000000008d300000|100%| O|  |TAMS 0x000000008d200000, 0x000000008d200000| Untracked 
| 211|0x000000008d300000, 0x000000008d3f4000, 0x000000008d400000| 95%| O|  |TAMS 0x000000008d300000, 0x000000008d300000| Untracked 
| 212|0x000000008d400000, 0x000000008d500000, 0x000000008d500000|100%| O|  |TAMS 0x000000008d400000, 0x000000008d400000| Untracked 
| 213|0x000000008d500000, 0x000000008d600000, 0x000000008d600000|100%| O|  |TAMS 0x000000008d500000, 0x000000008d500000| Untracked 
| 214|0x000000008d600000, 0x000000008d700000, 0x000000008d700000|100%| O|  |TAMS 0x000000008d600000, 0x000000008d600000| Untracked 
| 215|0x000000008d700000, 0x000000008d800000, 0x000000008d800000|100%| O|  |TAMS 0x000000008d700000, 0x000000008d700000| Untracked 
| 216|0x000000008d800000, 0x000000008d900000, 0x000000008d900000|100%| O|  |TAMS 0x000000008d800000, 0x000000008d800000| Untracked 
| 217|0x000000008d900000, 0x000000008da00000, 0x000000008da00000|100%| O|  |TAMS 0x000000008d900000, 0x000000008d900000| Untracked 
| 218|0x000000008da00000, 0x000000008db00000, 0x000000008db00000|100%| O|  |TAMS 0x000000008da00000, 0x000000008da00000| Untracked 
| 219|0x000000008db00000, 0x000000008dc00000, 0x000000008dc00000|100%| O|  |TAMS 0x000000008db00000, 0x000000008db00000| Untracked 
| 220|0x000000008dc00000, 0x000000008dd00000, 0x000000008dd00000|100%| O|  |TAMS 0x000000008dc00000, 0x000000008dc00000| Untracked 
| 221|0x000000008dd00000, 0x000000008de00000, 0x000000008de00000|100%| O|  |TAMS 0x000000008dd00000, 0x000000008dd00000| Untracked 
| 222|0x000000008de00000, 0x000000008df00000, 0x000000008df00000|100%| O|  |TAMS 0x000000008de00000, 0x000000008de00000| Untracked 
| 223|0x000000008df00000, 0x000000008e000000, 0x000000008e000000|100%| O|  |TAMS 0x000000008df00000, 0x000000008df00000| Untracked 
| 224|0x000000008e000000, 0x000000008e100000, 0x000000008e100000|100%| O|  |TAMS 0x000000008e000000, 0x000000008e000000| Untracked 
| 225|0x000000008e100000, 0x000000008e200000, 0x000000008e200000|100%| O|  |TAMS 0x000000008e100000, 0x000000008e100000| Untracked 
| 226|0x000000008e200000, 0x000000008e300000, 0x000000008e300000|100%| O|  |TAMS 0x000000008e200000, 0x000000008e200000| Untracked 
| 227|0x000000008e300000, 0x000000008e400000, 0x000000008e400000|100%| O|  |TAMS 0x000000008e300000, 0x000000008e300000| Untracked 
| 228|0x000000008e400000, 0x000000008e500000, 0x000000008e500000|100%| O|  |TAMS 0x000000008e400000, 0x000000008e400000| Untracked 
| 229|0x000000008e500000, 0x000000008e600000, 0x000000008e600000|100%| O|  |TAMS 0x000000008e500000, 0x000000008e500000| Untracked 
| 230|0x000000008e600000, 0x000000008e700000, 0x000000008e700000|100%| O|  |TAMS 0x000000008e600000, 0x000000008e600000| Untracked 
| 231|0x000000008e700000, 0x000000008e800000, 0x000000008e800000|100%| O|  |TAMS 0x000000008e700000, 0x000000008e700000| Untracked 
| 232|0x000000008e800000, 0x000000008e900000, 0x000000008e900000|100%| O|  |TAMS 0x000000008e800000, 0x000000008e800000| Untracked 
| 233|0x000000008e900000, 0x000000008ea00000, 0x000000008ea00000|100%| O|  |TAMS 0x000000008e900000, 0x000000008e900000| Untracked 
| 234|0x000000008ea00000, 0x000000008eb00000, 0x000000008eb00000|100%| O|  |TAMS 0x000000008ea00000, 0x000000008ea00000| Untracked 
| 235|0x000000008eb00000, 0x000000008ec00000, 0x000000008ec00000|100%| O|  |TAMS 0x000000008eb00000, 0x000000008eb00000| Untracked 
| 236|0x000000008ec00000, 0x000000008ed00000, 0x000000008ed00000|100%| O|  |TAMS 0x000000008ec00000, 0x000000008ec00000| Untracked 
| 237|0x000000008ed00000, 0x000000008ee00000, 0x000000008ee00000|100%| O|  |TAMS 0x000000008ed00000, 0x000000008ed00000| Untracked 
| 238|0x000000008ee00000, 0x000000008ef00000, 0x000000008ef00000|100%| O|  |TAMS 0x000000008ee00000, 0x000000008ee00000| Untracked 
| 239|0x000000008ef00000, 0x000000008f000000, 0x000000008f000000|100%| O|  |TAMS 0x000000008ef00000, 0x000000008ef00000| Untracked 
| 240|0x000000008f000000, 0x000000008f100000, 0x000000008f100000|100%| O|  |TAMS 0x000000008f000000, 0x000000008f000000| Untracked 
| 241|0x000000008f100000, 0x000000008f200000, 0x000000008f200000|100%| O|  |TAMS 0x000000008f100000, 0x000000008f100000| Untracked 
| 242|0x000000008f200000, 0x000000008f300000, 0x000000008f300000|100%| O|  |TAMS 0x000000008f200000, 0x000000008f200000| Untracked 
| 243|0x000000008f300000, 0x000000008f400000, 0x000000008f400000|100%| O|  |TAMS 0x000000008f300000, 0x000000008f300000| Untracked 
| 244|0x000000008f400000, 0x000000008f500000, 0x000000008f500000|100%| O|  |TAMS 0x000000008f400000, 0x000000008f400000| Untracked 
| 245|0x000000008f500000, 0x000000008f600000, 0x000000008f600000|100%| O|  |TAMS 0x000000008f500000, 0x000000008f500000| Untracked 
| 246|0x000000008f600000, 0x000000008f700000, 0x000000008f700000|100%|HS|  |TAMS 0x000000008f600000, 0x000000008f600000| Complete 
| 247|0x000000008f700000, 0x000000008f800000, 0x000000008f800000|100%|HC|  |TAMS 0x000000008f700000, 0x000000008f700000| Complete 
| 248|0x000000008f800000, 0x000000008f900000, 0x000000008f900000|100%|HS|  |TAMS 0x000000008f800000, 0x000000008f800000| Complete 
| 249|0x000000008f900000, 0x000000008fa00000, 0x000000008fa00000|100%|HC|  |TAMS 0x000000008f900000, 0x000000008f900000| Complete 
| 250|0x000000008fa00000, 0x000000008fa00000, 0x000000008fb00000|  0%| F|  |TAMS 0x000000008fa00000, 0x000000008fa00000| Untracked 
| 251|0x000000008fb00000, 0x000000008fc00000, 0x000000008fc00000|100%| O|  |TAMS 0x000000008fb00000, 0x000000008fb00000| Untracked 
| 252|0x000000008fc00000, 0x000000008fd00000, 0x000000008fd00000|100%| O|  |TAMS 0x000000008fc00000, 0x000000008fc00000| Untracked 
| 253|0x000000008fd00000, 0x000000008fe00000, 0x000000008fe00000|100%| O|  |TAMS 0x000000008fd00000, 0x000000008fd00000| Untracked 
| 254|0x000000008fe00000, 0x000000008ff00000, 0x000000008ff00000|100%| O|  |TAMS 0x000000008fe00000, 0x000000008fe00000| Untracked 
| 255|0x000000008ff00000, 0x0000000090000000, 0x0000000090000000|100%| O|  |TAMS 0x000000008ff00000, 0x000000008ff00000| Untracked 
| 256|0x0000000090000000, 0x0000000090100000, 0x0000000090100000|100%| O|  |TAMS 0x0000000090000000, 0x0000000090000000| Untracked 
| 257|0x0000000090100000, 0x0000000090200000, 0x0000000090200000|100%| O|  |TAMS 0x0000000090100000, 0x0000000090100000| Untracked 
| 258|0x0000000090200000, 0x0000000090300000, 0x0000000090300000|100%| O|  |TAMS 0x0000000090200000, 0x0000000090200000| Untracked 
| 259|0x0000000090300000, 0x0000000090400000, 0x0000000090400000|100%| O|  |TAMS 0x0000000090300000, 0x0000000090300000| Untracked 
| 260|0x0000000090400000, 0x0000000090500000, 0x0000000090500000|100%| O|  |TAMS 0x0000000090400000, 0x0000000090400000| Untracked 
| 261|0x0000000090500000, 0x0000000090600000, 0x0000000090600000|100%| O|  |TAMS 0x0000000090500000, 0x0000000090500000| Untracked 
| 262|0x0000000090600000, 0x0000000090700000, 0x0000000090700000|100%| O|  |TAMS 0x0000000090600000, 0x0000000090600000| Untracked 
| 263|0x0000000090700000, 0x0000000090800000, 0x0000000090800000|100%| O|  |TAMS 0x0000000090700000, 0x0000000090700000| Untracked 
| 264|0x0000000090800000, 0x0000000090900000, 0x0000000090900000|100%| O|  |TAMS 0x0000000090800000, 0x0000000090800000| Untracked 
| 265|0x0000000090900000, 0x0000000090a00000, 0x0000000090a00000|100%| O|  |TAMS 0x0000000090900000, 0x0000000090900000| Untracked 
| 266|0x0000000090a00000, 0x0000000090b00000, 0x0000000090b00000|100%| O|  |TAMS 0x0000000090a00000, 0x0000000090a00000| Untracked 
| 267|0x0000000090b00000, 0x0000000090c00000, 0x0000000090c00000|100%| O|  |TAMS 0x0000000090b00000, 0x0000000090b00000| Untracked 
| 268|0x0000000090c00000, 0x0000000090d00000, 0x0000000090d00000|100%| O|  |TAMS 0x0000000090c00000, 0x0000000090c00000| Untracked 
| 269|0x0000000090d00000, 0x0000000090e00000, 0x0000000090e00000|100%| O|  |TAMS 0x0000000090d00000, 0x0000000090d00000| Untracked 
| 270|0x0000000090e00000, 0x0000000090f00000, 0x0000000090f00000|100%| O|  |TAMS 0x0000000090e00000, 0x0000000090e00000| Untracked 
| 271|0x0000000090f00000, 0x0000000091000000, 0x0000000091000000|100%| O|  |TAMS 0x0000000090f00000, 0x0000000090f00000| Untracked 
| 272|0x0000000091000000, 0x0000000091100000, 0x0000000091100000|100%| O|  |TAMS 0x0000000091000000, 0x0000000091000000| Untracked 
| 273|0x0000000091100000, 0x0000000091200000, 0x0000000091200000|100%| O|  |TAMS 0x0000000091100000, 0x0000000091100000| Untracked 
| 274|0x0000000091200000, 0x0000000091300000, 0x0000000091300000|100%| O|  |TAMS 0x0000000091200000, 0x0000000091200000| Untracked 
| 275|0x0000000091300000, 0x0000000091400000, 0x0000000091400000|100%| O|  |TAMS 0x0000000091300000, 0x0000000091300000| Untracked 
| 276|0x0000000091400000, 0x0000000091500000, 0x0000000091500000|100%| O|  |TAMS 0x0000000091400000, 0x0000000091400000| Untracked 
| 277|0x0000000091500000, 0x0000000091600000, 0x0000000091600000|100%| O|  |TAMS 0x0000000091500000, 0x0000000091500000| Untracked 
| 278|0x0000000091600000, 0x0000000091700000, 0x0000000091700000|100%| O|  |TAMS 0x0000000091600000, 0x0000000091600000| Untracked 
| 279|0x0000000091700000, 0x0000000091800000, 0x0000000091800000|100%| O|  |TAMS 0x0000000091700000, 0x0000000091700000| Untracked 
| 280|0x0000000091800000, 0x0000000091900000, 0x0000000091900000|100%| O|  |TAMS 0x0000000091800000, 0x0000000091800000| Untracked 
| 281|0x0000000091900000, 0x0000000091a00000, 0x0000000091a00000|100%| O|  |TAMS 0x0000000091900000, 0x0000000091900000| Untracked 
| 282|0x0000000091a00000, 0x0000000091b00000, 0x0000000091b00000|100%| O|  |TAMS 0x0000000091a00000, 0x0000000091a00000| Untracked 
| 283|0x0000000091b00000, 0x0000000091c00000, 0x0000000091c00000|100%| O|  |TAMS 0x0000000091b00000, 0x0000000091b00000| Untracked 
| 284|0x0000000091c00000, 0x0000000091d00000, 0x0000000091d00000|100%| O|  |TAMS 0x0000000091c00000, 0x0000000091c00000| Untracked 
| 285|0x0000000091d00000, 0x0000000091e00000, 0x0000000091e00000|100%| O|  |TAMS 0x0000000091d00000, 0x0000000091d00000| Untracked 
| 286|0x0000000091e00000, 0x0000000091f00000, 0x0000000091f00000|100%| O|  |TAMS 0x0000000091e00000, 0x0000000091e00000| Untracked 
| 287|0x0000000091f00000, 0x0000000092000000, 0x0000000092000000|100%| O|  |TAMS 0x0000000091f00000, 0x0000000091f00000| Untracked 
| 288|0x0000000092000000, 0x0000000092100000, 0x0000000092100000|100%| O|  |TAMS 0x0000000092000000, 0x0000000092000000| Untracked 
| 289|0x0000000092100000, 0x0000000092200000, 0x0000000092200000|100%| O|  |TAMS 0x0000000092100000, 0x0000000092100000| Untracked 
| 290|0x0000000092200000, 0x0000000092300000, 0x0000000092300000|100%| O|  |TAMS 0x0000000092200000, 0x0000000092200000| Untracked 
| 291|0x0000000092300000, 0x0000000092400000, 0x0000000092400000|100%| O|  |TAMS 0x0000000092300000, 0x0000000092300000| Untracked 
| 292|0x0000000092400000, 0x0000000092500000, 0x0000000092500000|100%| O|  |TAMS 0x0000000092400000, 0x0000000092400000| Untracked 
| 293|0x0000000092500000, 0x0000000092600000, 0x0000000092600000|100%| O|  |TAMS 0x0000000092500000, 0x0000000092500000| Untracked 
| 294|0x0000000092600000, 0x0000000092700000, 0x0000000092700000|100%| O|  |TAMS 0x0000000092600000, 0x0000000092600000| Untracked 
| 295|0x0000000092700000, 0x0000000092800000, 0x0000000092800000|100%| O|  |TAMS 0x0000000092700000, 0x0000000092700000| Untracked 
| 296|0x0000000092800000, 0x0000000092900000, 0x0000000092900000|100%| O|  |TAMS 0x0000000092800000, 0x0000000092800000| Untracked 
| 297|0x0000000092900000, 0x0000000092a00000, 0x0000000092a00000|100%| O|  |TAMS 0x0000000092900000, 0x0000000092900000| Untracked 
| 298|0x0000000092a00000, 0x0000000092b00000, 0x0000000092b00000|100%| O|  |TAMS 0x0000000092a00000, 0x0000000092a00000| Untracked 
| 299|0x0000000092b00000, 0x0000000092c00000, 0x0000000092c00000|100%| O|  |TAMS 0x0000000092b00000, 0x0000000092b00000| Untracked 
| 300|0x0000000092c00000, 0x0000000092d00000, 0x0000000092d00000|100%| O|  |TAMS 0x0000000092c00000, 0x0000000092c00000| Untracked 
| 301|0x0000000092d00000, 0x0000000092e00000, 0x0000000092e00000|100%| O|  |TAMS 0x0000000092d00000, 0x0000000092d00000| Untracked 
| 302|0x0000000092e00000, 0x0000000092f00000, 0x0000000092f00000|100%| O|  |TAMS 0x0000000092e00000, 0x0000000092e00000| Untracked 
| 303|0x0000000092f00000, 0x0000000093000000, 0x0000000093000000|100%| O|  |TAMS 0x0000000092f00000, 0x0000000092f00000| Untracked 
| 304|0x0000000093000000, 0x0000000093100000, 0x0000000093100000|100%| O|  |TAMS 0x0000000093000000, 0x0000000093000000| Untracked 
| 305|0x0000000093100000, 0x0000000093200000, 0x0000000093200000|100%| O|  |TAMS 0x0000000093100000, 0x0000000093100000| Untracked 
| 306|0x0000000093200000, 0x0000000093200000, 0x0000000093300000|  0%| F|  |TAMS 0x0000000093200000, 0x0000000093200000| Untracked 
| 307|0x0000000093300000, 0x0000000093300000, 0x0000000093400000|  0%| F|  |TAMS 0x0000000093300000, 0x0000000093300000| Untracked 
| 308|0x0000000093400000, 0x0000000093400000, 0x0000000093500000|  0%| F|  |TAMS 0x0000000093400000, 0x0000000093400000| Untracked 
| 309|0x0000000093500000, 0x0000000093500000, 0x0000000093600000|  0%| F|  |TAMS 0x0000000093500000, 0x0000000093500000| Untracked 
| 310|0x0000000093600000, 0x0000000093600000, 0x0000000093700000|  0%| F|  |TAMS 0x0000000093600000, 0x0000000093600000| Untracked 
| 311|0x0000000093700000, 0x0000000093700000, 0x0000000093800000|  0%| F|  |TAMS 0x0000000093700000, 0x0000000093700000| Untracked 
| 312|0x0000000093800000, 0x0000000093800000, 0x0000000093900000|  0%| F|  |TAMS 0x0000000093800000, 0x0000000093800000| Untracked 
| 313|0x0000000093900000, 0x0000000093900000, 0x0000000093a00000|  0%| F|  |TAMS 0x0000000093900000, 0x0000000093900000| Untracked 
| 314|0x0000000093a00000, 0x0000000093a00000, 0x0000000093b00000|  0%| F|  |TAMS 0x0000000093a00000, 0x0000000093a00000| Untracked 
| 315|0x0000000093b00000, 0x0000000093b00000, 0x0000000093c00000|  0%| F|  |TAMS 0x0000000093b00000, 0x0000000093b00000| Untracked 
| 316|0x0000000093c00000, 0x0000000093c00000, 0x0000000093d00000|  0%| F|  |TAMS 0x0000000093c00000, 0x0000000093c00000| Untracked 
| 317|0x0000000093d00000, 0x0000000093d00000, 0x0000000093e00000|  0%| F|  |TAMS 0x0000000093d00000, 0x0000000093d00000| Untracked 
| 318|0x0000000093e00000, 0x0000000093e00000, 0x0000000093f00000|  0%| F|  |TAMS 0x0000000093e00000, 0x0000000093e00000| Untracked 
| 319|0x0000000093f00000, 0x0000000093f00000, 0x0000000094000000|  0%| F|  |TAMS 0x0000000093f00000, 0x0000000093f00000| Untracked 
| 320|0x0000000094000000, 0x0000000094000000, 0x0000000094100000|  0%| F|  |TAMS 0x0000000094000000, 0x0000000094000000| Untracked 
| 321|0x0000000094100000, 0x0000000094100000, 0x0000000094200000|  0%| F|  |TAMS 0x0000000094100000, 0x0000000094100000| Untracked 
| 322|0x0000000094200000, 0x0000000094200000, 0x0000000094300000|  0%| F|  |TAMS 0x0000000094200000, 0x0000000094200000| Untracked 
| 323|0x0000000094300000, 0x0000000094300000, 0x0000000094400000|  0%| F|  |TAMS 0x0000000094300000, 0x0000000094300000| Untracked 
| 324|0x0000000094400000, 0x0000000094500000, 0x0000000094500000|100%| O|  |TAMS 0x0000000094400000, 0x0000000094400000| Untracked 
| 325|0x0000000094500000, 0x0000000094600000, 0x0000000094600000|100%| O|  |TAMS 0x0000000094500000, 0x0000000094500000| Untracked 
| 326|0x0000000094600000, 0x0000000094700000, 0x0000000094700000|100%| O|  |TAMS 0x0000000094600000, 0x0000000094600000| Untracked 
| 327|0x0000000094700000, 0x0000000094800000, 0x0000000094800000|100%| O|  |TAMS 0x0000000094700000, 0x0000000094700000| Untracked 
| 328|0x0000000094800000, 0x0000000094900000, 0x0000000094900000|100%| O|  |TAMS 0x0000000094800000, 0x0000000094800000| Untracked 
| 329|0x0000000094900000, 0x0000000094a00000, 0x0000000094a00000|100%| O|  |TAMS 0x0000000094900000, 0x0000000094900000| Untracked 
| 330|0x0000000094a00000, 0x0000000094b00000, 0x0000000094b00000|100%| O|  |TAMS 0x0000000094a00000, 0x0000000094a00000| Untracked 
| 331|0x0000000094b00000, 0x0000000094c00000, 0x0000000094c00000|100%| O|  |TAMS 0x0000000094b00000, 0x0000000094b00000| Untracked 
| 332|0x0000000094c00000, 0x0000000094d00000, 0x0000000094d00000|100%| O|  |TAMS 0x0000000094c00000, 0x0000000094c00000| Untracked 
| 333|0x0000000094d00000, 0x0000000094e00000, 0x0000000094e00000|100%| O|  |TAMS 0x0000000094d00000, 0x0000000094d00000| Untracked 
| 334|0x0000000094e00000, 0x0000000094f00000, 0x0000000094f00000|100%| O|  |TAMS 0x0000000094e00000, 0x0000000094e00000| Untracked 
| 335|0x0000000094f00000, 0x0000000095000000, 0x0000000095000000|100%| O|  |TAMS 0x0000000094f00000, 0x0000000094f00000| Untracked 
| 336|0x0000000095000000, 0x0000000095000000, 0x0000000095100000|  0%| F|  |TAMS 0x0000000095000000, 0x0000000095000000| Untracked 
| 337|0x0000000095100000, 0x0000000095100000, 0x0000000095200000|  0%| F|  |TAMS 0x0000000095100000, 0x0000000095100000| Untracked 
| 338|0x0000000095200000, 0x0000000095200000, 0x0000000095300000|  0%| F|  |TAMS 0x0000000095200000, 0x0000000095200000| Untracked 
| 339|0x0000000095300000, 0x0000000095300000, 0x0000000095400000|  0%| F|  |TAMS 0x0000000095300000, 0x0000000095300000| Untracked 
| 340|0x0000000095400000, 0x0000000095400000, 0x0000000095500000|  0%| F|  |TAMS 0x0000000095400000, 0x0000000095400000| Untracked 
| 341|0x0000000095500000, 0x0000000095500000, 0x0000000095600000|  0%| F|  |TAMS 0x0000000095500000, 0x0000000095500000| Untracked 
| 342|0x0000000095600000, 0x0000000095600000, 0x0000000095700000|  0%| F|  |TAMS 0x0000000095600000, 0x0000000095600000| Untracked 
| 343|0x0000000095700000, 0x0000000095700000, 0x0000000095800000|  0%| F|  |TAMS 0x0000000095700000, 0x0000000095700000| Untracked 
| 344|0x0000000095800000, 0x0000000095800000, 0x0000000095900000|  0%| F|  |TAMS 0x0000000095800000, 0x0000000095800000| Untracked 
| 345|0x0000000095900000, 0x0000000095900000, 0x0000000095a00000|  0%| F|  |TAMS 0x0000000095900000, 0x0000000095900000| Untracked 
| 346|0x0000000095a00000, 0x0000000095a00000, 0x0000000095b00000|  0%| F|  |TAMS 0x0000000095a00000, 0x0000000095a00000| Untracked 
| 347|0x0000000095b00000, 0x0000000095b00000, 0x0000000095c00000|  0%| F|  |TAMS 0x0000000095b00000, 0x0000000095b00000| Untracked 
| 348|0x0000000095c00000, 0x0000000095c00000, 0x0000000095d00000|  0%| F|  |TAMS 0x0000000095c00000, 0x0000000095c00000| Untracked 
| 349|0x0000000095d00000, 0x0000000095d00000, 0x0000000095e00000|  0%| F|  |TAMS 0x0000000095d00000, 0x0000000095d00000| Untracked 
| 350|0x0000000095e00000, 0x0000000095e00000, 0x0000000095f00000|  0%| F|  |TAMS 0x0000000095e00000, 0x0000000095e00000| Untracked 
| 351|0x0000000095f00000, 0x0000000095f00000, 0x0000000096000000|  0%| F|  |TAMS 0x0000000095f00000, 0x0000000095f00000| Untracked 
| 352|0x0000000096000000, 0x0000000096000000, 0x0000000096100000|  0%| F|  |TAMS 0x0000000096000000, 0x0000000096000000| Untracked 
| 353|0x0000000096100000, 0x0000000096100000, 0x0000000096200000|  0%| F|  |TAMS 0x0000000096100000, 0x0000000096100000| Untracked 
| 354|0x0000000096200000, 0x0000000096200000, 0x0000000096300000|  0%| F|  |TAMS 0x0000000096200000, 0x0000000096200000| Untracked 
| 355|0x0000000096300000, 0x0000000096300000, 0x0000000096400000|  0%| F|  |TAMS 0x0000000096300000, 0x0000000096300000| Untracked 
| 356|0x0000000096400000, 0x0000000096400000, 0x0000000096500000|  0%| F|  |TAMS 0x0000000096400000, 0x0000000096400000| Untracked 
| 357|0x0000000096500000, 0x0000000096500000, 0x0000000096600000|  0%| F|  |TAMS 0x0000000096500000, 0x0000000096500000| Untracked 
| 358|0x0000000096600000, 0x0000000096600000, 0x0000000096700000|  0%| F|  |TAMS 0x0000000096600000, 0x0000000096600000| Untracked 
| 359|0x0000000096700000, 0x0000000096700000, 0x0000000096800000|  0%| F|  |TAMS 0x0000000096700000, 0x0000000096700000| Untracked 
| 360|0x0000000096800000, 0x0000000096800000, 0x0000000096900000|  0%| F|  |TAMS 0x0000000096800000, 0x0000000096800000| Untracked 
| 361|0x0000000096900000, 0x0000000096900000, 0x0000000096a00000|  0%| F|  |TAMS 0x0000000096900000, 0x0000000096900000| Untracked 
| 362|0x0000000096a00000, 0x0000000096a00000, 0x0000000096b00000|  0%| F|  |TAMS 0x0000000096a00000, 0x0000000096a00000| Untracked 
| 363|0x0000000096b00000, 0x0000000096b00000, 0x0000000096c00000|  0%| F|  |TAMS 0x0000000096b00000, 0x0000000096b00000| Untracked 
| 364|0x0000000096c00000, 0x0000000096c00000, 0x0000000096d00000|  0%| F|  |TAMS 0x0000000096c00000, 0x0000000096c00000| Untracked 
| 365|0x0000000096d00000, 0x0000000096d00000, 0x0000000096e00000|  0%| F|  |TAMS 0x0000000096d00000, 0x0000000096d00000| Untracked 
| 366|0x0000000096e00000, 0x0000000096e00000, 0x0000000096f00000|  0%| F|  |TAMS 0x0000000096e00000, 0x0000000096e00000| Untracked 
| 367|0x0000000096f00000, 0x0000000096f00000, 0x0000000097000000|  0%| F|  |TAMS 0x0000000096f00000, 0x0000000096f00000| Untracked 
| 368|0x0000000097000000, 0x0000000097000000, 0x0000000097100000|  0%| F|  |TAMS 0x0000000097000000, 0x0000000097000000| Untracked 
| 369|0x0000000097100000, 0x0000000097100000, 0x0000000097200000|  0%| F|  |TAMS 0x0000000097100000, 0x0000000097100000| Untracked 
| 370|0x0000000097200000, 0x0000000097200000, 0x0000000097300000|  0%| F|  |TAMS 0x0000000097200000, 0x0000000097200000| Untracked 
| 371|0x0000000097300000, 0x0000000097300000, 0x0000000097400000|  0%| F|  |TAMS 0x0000000097300000, 0x0000000097300000| Untracked 
| 372|0x0000000097400000, 0x0000000097400000, 0x0000000097500000|  0%| F|  |TAMS 0x0000000097400000, 0x0000000097400000| Untracked 
| 373|0x0000000097500000, 0x0000000097500000, 0x0000000097600000|  0%| F|  |TAMS 0x0000000097500000, 0x0000000097500000| Untracked 
| 374|0x0000000097600000, 0x0000000097600000, 0x0000000097700000|  0%| F|  |TAMS 0x0000000097600000, 0x0000000097600000| Untracked 
| 375|0x0000000097700000, 0x0000000097700000, 0x0000000097800000|  0%| F|  |TAMS 0x0000000097700000, 0x0000000097700000| Untracked 
| 376|0x0000000097800000, 0x0000000097800000, 0x0000000097900000|  0%| F|  |TAMS 0x0000000097800000, 0x0000000097800000| Untracked 
| 377|0x0000000097900000, 0x0000000097900000, 0x0000000097a00000|  0%| F|  |TAMS 0x0000000097900000, 0x0000000097900000| Untracked 
| 378|0x0000000097a00000, 0x0000000097a00000, 0x0000000097b00000|  0%| F|  |TAMS 0x0000000097a00000, 0x0000000097a00000| Untracked 
| 379|0x0000000097b00000, 0x0000000097b00000, 0x0000000097c00000|  0%| F|  |TAMS 0x0000000097b00000, 0x0000000097b00000| Untracked 
| 380|0x0000000097c00000, 0x0000000097c00000, 0x0000000097d00000|  0%| F|  |TAMS 0x0000000097c00000, 0x0000000097c00000| Untracked 
| 381|0x0000000097d00000, 0x0000000097d00000, 0x0000000097e00000|  0%| F|  |TAMS 0x0000000097d00000, 0x0000000097d00000| Untracked 
| 382|0x0000000097e00000, 0x0000000097e00000, 0x0000000097f00000|  0%| F|  |TAMS 0x0000000097e00000, 0x0000000097e00000| Untracked 
| 383|0x0000000097f00000, 0x0000000097f00000, 0x0000000098000000|  0%| F|  |TAMS 0x0000000097f00000, 0x0000000097f00000| Untracked 
| 384|0x0000000098000000, 0x0000000098000000, 0x0000000098100000|  0%| F|  |TAMS 0x0000000098000000, 0x0000000098000000| Untracked 
| 385|0x0000000098100000, 0x0000000098100000, 0x0000000098200000|  0%| F|  |TAMS 0x0000000098100000, 0x0000000098100000| Untracked 
| 386|0x0000000098200000, 0x0000000098200000, 0x0000000098300000|  0%| F|  |TAMS 0x0000000098200000, 0x0000000098200000| Untracked 
| 387|0x0000000098300000, 0x0000000098300000, 0x0000000098400000|  0%| F|  |TAMS 0x0000000098300000, 0x0000000098300000| Untracked 
| 388|0x0000000098400000, 0x0000000098400000, 0x0000000098500000|  0%| F|  |TAMS 0x0000000098400000, 0x0000000098400000| Untracked 
| 389|0x0000000098500000, 0x0000000098500000, 0x0000000098600000|  0%| F|  |TAMS 0x0000000098500000, 0x0000000098500000| Untracked 
| 390|0x0000000098600000, 0x0000000098600000, 0x0000000098700000|  0%| F|  |TAMS 0x0000000098600000, 0x0000000098600000| Untracked 
| 391|0x0000000098700000, 0x0000000098700000, 0x0000000098800000|  0%| F|  |TAMS 0x0000000098700000, 0x0000000098700000| Untracked 
| 392|0x0000000098800000, 0x0000000098800000, 0x0000000098900000|  0%| F|  |TAMS 0x0000000098800000, 0x0000000098800000| Untracked 
| 393|0x0000000098900000, 0x0000000098900000, 0x0000000098a00000|  0%| F|  |TAMS 0x0000000098900000, 0x0000000098900000| Untracked 
| 394|0x0000000098a00000, 0x0000000098a00000, 0x0000000098b00000|  0%| F|  |TAMS 0x0000000098a00000, 0x0000000098a00000| Untracked 
| 395|0x0000000098b00000, 0x0000000098b00000, 0x0000000098c00000|  0%| F|  |TAMS 0x0000000098b00000, 0x0000000098b00000| Untracked 
| 396|0x0000000098c00000, 0x0000000098c00000, 0x0000000098d00000|  0%| F|  |TAMS 0x0000000098c00000, 0x0000000098c00000| Untracked 
| 397|0x0000000098d00000, 0x0000000098d00000, 0x0000000098e00000|  0%| F|  |TAMS 0x0000000098d00000, 0x0000000098d00000| Untracked 
| 398|0x0000000098e00000, 0x0000000098e00000, 0x0000000098f00000|  0%| F|  |TAMS 0x0000000098e00000, 0x0000000098e00000| Untracked 
| 399|0x0000000098f00000, 0x0000000098f00000, 0x0000000099000000|  0%| F|  |TAMS 0x0000000098f00000, 0x0000000098f00000| Untracked 
| 400|0x0000000099000000, 0x0000000099000000, 0x0000000099100000|  0%| F|  |TAMS 0x0000000099000000, 0x0000000099000000| Untracked 
| 401|0x0000000099100000, 0x0000000099100000, 0x0000000099200000|  0%| F|  |TAMS 0x0000000099100000, 0x0000000099100000| Untracked 
| 402|0x0000000099200000, 0x0000000099200000, 0x0000000099300000|  0%| F|  |TAMS 0x0000000099200000, 0x0000000099200000| Untracked 
| 403|0x0000000099300000, 0x0000000099300000, 0x0000000099400000|  0%| F|  |TAMS 0x0000000099300000, 0x0000000099300000| Untracked 
| 404|0x0000000099400000, 0x0000000099400000, 0x0000000099500000|  0%| F|  |TAMS 0x0000000099400000, 0x0000000099400000| Untracked 
| 405|0x0000000099500000, 0x0000000099500000, 0x0000000099600000|  0%| F|  |TAMS 0x0000000099500000, 0x0000000099500000| Untracked 
| 406|0x0000000099600000, 0x0000000099600000, 0x0000000099700000|  0%| F|  |TAMS 0x0000000099600000, 0x0000000099600000| Untracked 
| 407|0x0000000099700000, 0x0000000099700000, 0x0000000099800000|  0%| F|  |TAMS 0x0000000099700000, 0x0000000099700000| Untracked 
| 408|0x0000000099800000, 0x0000000099800000, 0x0000000099900000|  0%| F|  |TAMS 0x0000000099800000, 0x0000000099800000| Untracked 
| 409|0x0000000099900000, 0x0000000099900000, 0x0000000099a00000|  0%| F|  |TAMS 0x0000000099900000, 0x0000000099900000| Untracked 
| 410|0x0000000099a00000, 0x0000000099a00000, 0x0000000099b00000|  0%| F|  |TAMS 0x0000000099a00000, 0x0000000099a00000| Untracked 
| 411|0x0000000099b00000, 0x0000000099b00000, 0x0000000099c00000|  0%| F|  |TAMS 0x0000000099b00000, 0x0000000099b00000| Untracked 
| 412|0x0000000099c00000, 0x0000000099c00000, 0x0000000099d00000|  0%| F|  |TAMS 0x0000000099c00000, 0x0000000099c00000| Untracked 
| 413|0x0000000099d00000, 0x0000000099d00000, 0x0000000099e00000|  0%| F|  |TAMS 0x0000000099d00000, 0x0000000099d00000| Untracked 
| 414|0x0000000099e00000, 0x0000000099e00000, 0x0000000099f00000|  0%| F|  |TAMS 0x0000000099e00000, 0x0000000099e00000| Untracked 
| 415|0x0000000099f00000, 0x0000000099f00000, 0x000000009a000000|  0%| F|  |TAMS 0x0000000099f00000, 0x0000000099f00000| Untracked 
| 416|0x000000009a000000, 0x000000009a000000, 0x000000009a100000|  0%| F|  |TAMS 0x000000009a000000, 0x000000009a000000| Untracked 
| 417|0x000000009a100000, 0x000000009a100000, 0x000000009a200000|  0%| F|  |TAMS 0x000000009a100000, 0x000000009a100000| Untracked 
| 418|0x000000009a200000, 0x000000009a200000, 0x000000009a300000|  0%| F|  |TAMS 0x000000009a200000, 0x000000009a200000| Untracked 
| 419|0x000000009a300000, 0x000000009a300000, 0x000000009a400000|  0%| F|  |TAMS 0x000000009a300000, 0x000000009a300000| Untracked 
| 420|0x000000009a400000, 0x000000009a400000, 0x000000009a500000|  0%| F|  |TAMS 0x000000009a400000, 0x000000009a400000| Untracked 
| 421|0x000000009a500000, 0x000000009a500000, 0x000000009a600000|  0%| F|  |TAMS 0x000000009a500000, 0x000000009a500000| Untracked 
| 422|0x000000009a600000, 0x000000009a600000, 0x000000009a700000|  0%| F|  |TAMS 0x000000009a600000, 0x000000009a600000| Untracked 
| 423|0x000000009a700000, 0x000000009a700000, 0x000000009a800000|  0%| F|  |TAMS 0x000000009a700000, 0x000000009a700000| Untracked 
| 424|0x000000009a800000, 0x000000009a800000, 0x000000009a900000|  0%| F|  |TAMS 0x000000009a800000, 0x000000009a800000| Untracked 
| 425|0x000000009a900000, 0x000000009a900000, 0x000000009aa00000|  0%| F|  |TAMS 0x000000009a900000, 0x000000009a900000| Untracked 
| 426|0x000000009aa00000, 0x000000009aa00000, 0x000000009ab00000|  0%| F|  |TAMS 0x000000009aa00000, 0x000000009aa00000| Untracked 
| 427|0x000000009ab00000, 0x000000009ab00000, 0x000000009ac00000|  0%| F|  |TAMS 0x000000009ab00000, 0x000000009ab00000| Untracked 
| 428|0x000000009ac00000, 0x000000009ac00000, 0x000000009ad00000|  0%| F|  |TAMS 0x000000009ac00000, 0x000000009ac00000| Untracked 
| 429|0x000000009ad00000, 0x000000009ad00000, 0x000000009ae00000|  0%| F|  |TAMS 0x000000009ad00000, 0x000000009ad00000| Untracked 
| 430|0x000000009ae00000, 0x000000009ae00000, 0x000000009af00000|  0%| F|  |TAMS 0x000000009ae00000, 0x000000009ae00000| Untracked 
| 431|0x000000009af00000, 0x000000009af00000, 0x000000009b000000|  0%| F|  |TAMS 0x000000009af00000, 0x000000009af00000| Untracked 
| 432|0x000000009b000000, 0x000000009b000000, 0x000000009b100000|  0%| F|  |TAMS 0x000000009b000000, 0x000000009b000000| Untracked 
| 433|0x000000009b100000, 0x000000009b100000, 0x000000009b200000|  0%| F|  |TAMS 0x000000009b100000, 0x000000009b100000| Untracked 
| 434|0x000000009b200000, 0x000000009b200000, 0x000000009b300000|  0%| F|  |TAMS 0x000000009b200000, 0x000000009b200000| Untracked 
| 435|0x000000009b300000, 0x000000009b300000, 0x000000009b400000|  0%| F|  |TAMS 0x000000009b300000, 0x000000009b300000| Untracked 
| 436|0x000000009b400000, 0x000000009b400000, 0x000000009b500000|  0%| F|  |TAMS 0x000000009b400000, 0x000000009b400000| Untracked 
| 437|0x000000009b500000, 0x000000009b500000, 0x000000009b600000|  0%| F|  |TAMS 0x000000009b500000, 0x000000009b500000| Untracked 
| 438|0x000000009b600000, 0x000000009b600000, 0x000000009b700000|  0%| F|  |TAMS 0x000000009b600000, 0x000000009b600000| Untracked 
| 439|0x000000009b700000, 0x000000009b700000, 0x000000009b800000|  0%| F|  |TAMS 0x000000009b700000, 0x000000009b700000| Untracked 
| 440|0x000000009b800000, 0x000000009b800000, 0x000000009b900000|  0%| F|  |TAMS 0x000000009b800000, 0x000000009b800000| Untracked 
| 441|0x000000009b900000, 0x000000009b900000, 0x000000009ba00000|  0%| F|  |TAMS 0x000000009b900000, 0x000000009b900000| Untracked 
| 442|0x000000009ba00000, 0x000000009ba00000, 0x000000009bb00000|  0%| F|  |TAMS 0x000000009ba00000, 0x000000009ba00000| Untracked 
| 443|0x000000009bb00000, 0x000000009bb00000, 0x000000009bc00000|  0%| F|  |TAMS 0x000000009bb00000, 0x000000009bb00000| Untracked 
| 444|0x000000009bc00000, 0x000000009bc00000, 0x000000009bd00000|  0%| F|  |TAMS 0x000000009bc00000, 0x000000009bc00000| Untracked 
| 445|0x000000009bd00000, 0x000000009bd00000, 0x000000009be00000|  0%| F|  |TAMS 0x000000009bd00000, 0x000000009bd00000| Untracked 
| 446|0x000000009be00000, 0x000000009be00000, 0x000000009bf00000|  0%| F|  |TAMS 0x000000009be00000, 0x000000009be00000| Untracked 
| 447|0x000000009bf00000, 0x000000009bf00000, 0x000000009c000000|  0%| F|  |TAMS 0x000000009bf00000, 0x000000009bf00000| Untracked 
| 448|0x000000009c000000, 0x000000009c000000, 0x000000009c100000|  0%| F|  |TAMS 0x000000009c000000, 0x000000009c000000| Untracked 
| 449|0x000000009c100000, 0x000000009c100000, 0x000000009c200000|  0%| F|  |TAMS 0x000000009c100000, 0x000000009c100000| Untracked 
| 450|0x000000009c200000, 0x000000009c200000, 0x000000009c300000|  0%| F|  |TAMS 0x000000009c200000, 0x000000009c200000| Untracked 
| 451|0x000000009c300000, 0x000000009c300000, 0x000000009c400000|  0%| F|  |TAMS 0x000000009c300000, 0x000000009c300000| Untracked 
| 452|0x000000009c400000, 0x000000009c400000, 0x000000009c500000|  0%| F|  |TAMS 0x000000009c400000, 0x000000009c400000| Untracked 
| 453|0x000000009c500000, 0x000000009c500000, 0x000000009c600000|  0%| F|  |TAMS 0x000000009c500000, 0x000000009c500000| Untracked 
| 454|0x000000009c600000, 0x000000009c600000, 0x000000009c700000|  0%| F|  |TAMS 0x000000009c600000, 0x000000009c600000| Untracked 
| 455|0x000000009c700000, 0x000000009c700000, 0x000000009c800000|  0%| F|  |TAMS 0x000000009c700000, 0x000000009c700000| Untracked 
| 456|0x000000009c800000, 0x000000009c800000, 0x000000009c900000|  0%| F|  |TAMS 0x000000009c800000, 0x000000009c800000| Untracked 
| 457|0x000000009c900000, 0x000000009c900000, 0x000000009ca00000|  0%| F|  |TAMS 0x000000009c900000, 0x000000009c900000| Untracked 
| 458|0x000000009ca00000, 0x000000009ca00000, 0x000000009cb00000|  0%| F|  |TAMS 0x000000009ca00000, 0x000000009ca00000| Untracked 
| 459|0x000000009cb00000, 0x000000009cbcb9d8, 0x000000009cc00000| 79%| E|  |TAMS 0x000000009cb00000, 0x000000009cb00000| Complete 
| 460|0x000000009cc00000, 0x000000009cd00000, 0x000000009cd00000|100%| E|CS|TAMS 0x000000009cc00000, 0x000000009cc00000| Complete 
| 461|0x000000009cd00000, 0x000000009ce00000, 0x000000009ce00000|100%| E|CS|TAMS 0x000000009cd00000, 0x000000009cd00000| Complete 
| 462|0x000000009ce00000, 0x000000009cf00000, 0x000000009cf00000|100%| E|CS|TAMS 0x000000009ce00000, 0x000000009ce00000| Complete 
| 463|0x000000009cf00000, 0x000000009d000000, 0x000000009d000000|100%| E|  |TAMS 0x000000009cf00000, 0x000000009cf00000| Complete 
| 464|0x000000009d000000, 0x000000009d100000, 0x000000009d100000|100%| E|CS|TAMS 0x000000009d000000, 0x000000009d000000| Complete 
| 465|0x000000009d100000, 0x000000009d200000, 0x000000009d200000|100%| E|CS|TAMS 0x000000009d100000, 0x000000009d100000| Complete 
| 466|0x000000009d200000, 0x000000009d300000, 0x000000009d300000|100%| E|CS|TAMS 0x000000009d200000, 0x000000009d200000| Complete 
| 467|0x000000009d300000, 0x000000009d400000, 0x000000009d400000|100%| E|CS|TAMS 0x000000009d300000, 0x000000009d300000| Complete 
| 468|0x000000009d400000, 0x000000009d500000, 0x000000009d500000|100%| E|CS|TAMS 0x000000009d400000, 0x000000009d400000| Complete 
| 469|0x000000009d500000, 0x000000009d600000, 0x000000009d600000|100%| E|CS|TAMS 0x000000009d500000, 0x000000009d500000| Complete 
| 470|0x000000009d600000, 0x000000009d700000, 0x000000009d700000|100%| E|CS|TAMS 0x000000009d600000, 0x000000009d600000| Complete 
| 471|0x000000009d700000, 0x000000009d7b3568, 0x000000009d800000| 70%| S|CS|TAMS 0x000000009d700000, 0x000000009d700000| Complete 
| 472|0x000000009d800000, 0x000000009d900000, 0x000000009d900000|100%| S|CS|TAMS 0x000000009d800000, 0x000000009d800000| Complete 
| 473|0x000000009d900000, 0x000000009da00000, 0x000000009da00000|100%| S|CS|TAMS 0x000000009d900000, 0x000000009d900000| Complete 
| 474|0x000000009da00000, 0x000000009db00000, 0x000000009db00000|100%| S|CS|TAMS 0x000000009da00000, 0x000000009da00000| Complete 
| 475|0x000000009db00000, 0x000000009dc00000, 0x000000009dc00000|100%| E|CS|TAMS 0x000000009db00000, 0x000000009db00000| Complete 
| 476|0x000000009dc00000, 0x000000009dd00000, 0x000000009dd00000|100%| E|CS|TAMS 0x000000009dc00000, 0x000000009dc00000| Complete 
| 477|0x000000009dd00000, 0x000000009de00000, 0x000000009de00000|100%| E|CS|TAMS 0x000000009dd00000, 0x000000009dd00000| Complete 
| 478|0x000000009de00000, 0x000000009df00000, 0x000000009df00000|100%| E|CS|TAMS 0x000000009de00000, 0x000000009de00000| Complete 
| 479|0x000000009df00000, 0x000000009e000000, 0x000000009e000000|100%| E|CS|TAMS 0x000000009df00000, 0x000000009df00000| Complete 
| 480|0x000000009e000000, 0x000000009e100000, 0x000000009e100000|100%| E|CS|TAMS 0x000000009e000000, 0x000000009e000000| Complete 
| 481|0x000000009e100000, 0x000000009e200000, 0x000000009e200000|100%| E|CS|TAMS 0x000000009e100000, 0x000000009e100000| Complete 
| 482|0x000000009e200000, 0x000000009e300000, 0x000000009e300000|100%| E|CS|TAMS 0x000000009e200000, 0x000000009e200000| Complete 
| 483|0x000000009e300000, 0x000000009e400000, 0x000000009e400000|100%| E|CS|TAMS 0x000000009e300000, 0x000000009e300000| Complete 
| 484|0x000000009e400000, 0x000000009e500000, 0x000000009e500000|100%| E|CS|TAMS 0x000000009e400000, 0x000000009e400000| Complete 
| 485|0x000000009e500000, 0x000000009e600000, 0x000000009e600000|100%| E|CS|TAMS 0x000000009e500000, 0x000000009e500000| Complete 
| 486|0x000000009e600000, 0x000000009e700000, 0x000000009e700000|100%| E|CS|TAMS 0x000000009e600000, 0x000000009e600000| Complete 
| 487|0x000000009e700000, 0x000000009e800000, 0x000000009e800000|100%| E|CS|TAMS 0x000000009e700000, 0x000000009e700000| Complete 
| 488|0x000000009e800000, 0x000000009e900000, 0x000000009e900000|100%| E|CS|TAMS 0x000000009e800000, 0x000000009e800000| Complete 
| 489|0x000000009e900000, 0x000000009ea00000, 0x000000009ea00000|100%| E|CS|TAMS 0x000000009e900000, 0x000000009e900000| Complete 
| 490|0x000000009ea00000, 0x000000009eb00000, 0x000000009eb00000|100%| E|CS|TAMS 0x000000009ea00000, 0x000000009ea00000| Complete 
| 491|0x000000009eb00000, 0x000000009ec00000, 0x000000009ec00000|100%| E|CS|TAMS 0x000000009eb00000, 0x000000009eb00000| Complete 
| 492|0x000000009ec00000, 0x000000009ed00000, 0x000000009ed00000|100%| E|CS|TAMS 0x000000009ec00000, 0x000000009ec00000| Complete 
| 493|0x000000009ed00000, 0x000000009ee00000, 0x000000009ee00000|100%| E|CS|TAMS 0x000000009ed00000, 0x000000009ed00000| Complete 
| 494|0x000000009ee00000, 0x000000009ef00000, 0x000000009ef00000|100%| E|CS|TAMS 0x000000009ee00000, 0x000000009ee00000| Complete 
| 495|0x000000009ef00000, 0x000000009f000000, 0x000000009f000000|100%| E|CS|TAMS 0x000000009ef00000, 0x000000009ef00000| Complete 
| 496|0x000000009f000000, 0x000000009f100000, 0x000000009f100000|100%| E|CS|TAMS 0x000000009f000000, 0x000000009f000000| Complete 
| 497|0x000000009f100000, 0x000000009f200000, 0x000000009f200000|100%| E|CS|TAMS 0x000000009f100000, 0x000000009f100000| Complete 
| 498|0x000000009f200000, 0x000000009f300000, 0x000000009f300000|100%| E|CS|TAMS 0x000000009f200000, 0x000000009f200000| Complete 
| 499|0x000000009f300000, 0x000000009f400000, 0x000000009f400000|100%| E|CS|TAMS 0x000000009f300000, 0x000000009f300000| Complete 
| 500|0x000000009f400000, 0x000000009f500000, 0x000000009f500000|100%| E|CS|TAMS 0x000000009f400000, 0x000000009f400000| Complete 
| 501|0x000000009f500000, 0x000000009f600000, 0x000000009f600000|100%| E|CS|TAMS 0x000000009f500000, 0x000000009f500000| Complete 
| 502|0x000000009f600000, 0x000000009f700000, 0x000000009f700000|100%| E|CS|TAMS 0x000000009f600000, 0x000000009f600000| Complete 
| 503|0x000000009f700000, 0x000000009f800000, 0x000000009f800000|100%| E|CS|TAMS 0x000000009f700000, 0x000000009f700000| Complete 
| 504|0x000000009f800000, 0x000000009f900000, 0x000000009f900000|100%| E|CS|TAMS 0x000000009f800000, 0x000000009f800000| Complete 
| 505|0x000000009f900000, 0x000000009fa00000, 0x000000009fa00000|100%| E|CS|TAMS 0x000000009f900000, 0x000000009f900000| Complete 
| 506|0x000000009fa00000, 0x000000009fb00000, 0x000000009fb00000|100%| E|CS|TAMS 0x000000009fa00000, 0x000000009fa00000| Complete 
| 507|0x000000009fb00000, 0x000000009fc00000, 0x000000009fc00000|100%| E|CS|TAMS 0x000000009fb00000, 0x000000009fb00000| Complete 
| 508|0x000000009fc00000, 0x000000009fd00000, 0x000000009fd00000|100%| E|CS|TAMS 0x000000009fc00000, 0x000000009fc00000| Complete 
| 509|0x000000009fd00000, 0x000000009fe00000, 0x000000009fe00000|100%| E|CS|TAMS 0x000000009fd00000, 0x000000009fd00000| Complete 
| 510|0x000000009fe00000, 0x000000009ff00000, 0x000000009ff00000|100%| E|CS|TAMS 0x000000009fe00000, 0x000000009fe00000| Complete 
| 511|0x000000009ff00000, 0x00000000a0000000, 0x00000000a0000000|100%| E|CS|TAMS 0x000000009ff00000, 0x000000009ff00000| Complete 
| 512|0x00000000a0000000, 0x00000000a0100000, 0x00000000a0100000|100%| E|CS|TAMS 0x00000000a0000000, 0x00000000a0000000| Complete 
| 513|0x00000000a0100000, 0x00000000a0200000, 0x00000000a0200000|100%| E|CS|TAMS 0x00000000a0100000, 0x00000000a0100000| Complete 
| 514|0x00000000a0200000, 0x00000000a0300000, 0x00000000a0300000|100%| E|CS|TAMS 0x00000000a0200000, 0x00000000a0200000| Complete 
| 515|0x00000000a0300000, 0x00000000a0400000, 0x00000000a0400000|100%| E|CS|TAMS 0x00000000a0300000, 0x00000000a0300000| Complete 
| 516|0x00000000a0400000, 0x00000000a0500000, 0x00000000a0500000|100%| E|CS|TAMS 0x00000000a0400000, 0x00000000a0400000| Complete 
| 517|0x00000000a0500000, 0x00000000a0600000, 0x00000000a0600000|100%| E|CS|TAMS 0x00000000a0500000, 0x00000000a0500000| Complete 
| 518|0x00000000a0600000, 0x00000000a0700000, 0x00000000a0700000|100%| E|CS|TAMS 0x00000000a0600000, 0x00000000a0600000| Complete 
| 519|0x00000000a0700000, 0x00000000a0800000, 0x00000000a0800000|100%| E|CS|TAMS 0x00000000a0700000, 0x00000000a0700000| Complete 
| 520|0x00000000a0800000, 0x00000000a0900000, 0x00000000a0900000|100%| E|CS|TAMS 0x00000000a0800000, 0x00000000a0800000| Complete 
| 521|0x00000000a0900000, 0x00000000a0a00000, 0x00000000a0a00000|100%| E|CS|TAMS 0x00000000a0900000, 0x00000000a0900000| Complete 
| 522|0x00000000a0a00000, 0x00000000a0b00000, 0x00000000a0b00000|100%| E|CS|TAMS 0x00000000a0a00000, 0x00000000a0a00000| Complete 
| 523|0x00000000a0b00000, 0x00000000a0c00000, 0x00000000a0c00000|100%| E|CS|TAMS 0x00000000a0b00000, 0x00000000a0b00000| Complete 
| 524|0x00000000a0c00000, 0x00000000a0d00000, 0x00000000a0d00000|100%| E|CS|TAMS 0x00000000a0c00000, 0x00000000a0c00000| Complete 
| 525|0x00000000a0d00000, 0x00000000a0e00000, 0x00000000a0e00000|100%| E|CS|TAMS 0x00000000a0d00000, 0x00000000a0d00000| Complete 
| 526|0x00000000a0e00000, 0x00000000a0f00000, 0x00000000a0f00000|100%| E|CS|TAMS 0x00000000a0e00000, 0x00000000a0e00000| Complete 
| 527|0x00000000a0f00000, 0x00000000a1000000, 0x00000000a1000000|100%| E|CS|TAMS 0x00000000a0f00000, 0x00000000a0f00000| Complete 
| 528|0x00000000a1000000, 0x00000000a1100000, 0x00000000a1100000|100%| E|CS|TAMS 0x00000000a1000000, 0x00000000a1000000| Complete 
| 529|0x00000000a1100000, 0x00000000a1200000, 0x00000000a1200000|100%| E|CS|TAMS 0x00000000a1100000, 0x00000000a1100000| Complete 
| 530|0x00000000a1200000, 0x00000000a1300000, 0x00000000a1300000|100%| E|CS|TAMS 0x00000000a1200000, 0x00000000a1200000| Complete 
| 531|0x00000000a1300000, 0x00000000a1400000, 0x00000000a1400000|100%| E|CS|TAMS 0x00000000a1300000, 0x00000000a1300000| Complete 
| 532|0x00000000a1400000, 0x00000000a1500000, 0x00000000a1500000|100%| E|CS|TAMS 0x00000000a1400000, 0x00000000a1400000| Complete 
| 533|0x00000000a1500000, 0x00000000a1600000, 0x00000000a1600000|100%| E|CS|TAMS 0x00000000a1500000, 0x00000000a1500000| Complete 
| 534|0x00000000a1600000, 0x00000000a1700000, 0x00000000a1700000|100%| E|CS|TAMS 0x00000000a1600000, 0x00000000a1600000| Complete 
| 535|0x00000000a1700000, 0x00000000a1800000, 0x00000000a1800000|100%| E|CS|TAMS 0x00000000a1700000, 0x00000000a1700000| Complete 
| 536|0x00000000a1800000, 0x00000000a1900000, 0x00000000a1900000|100%| E|CS|TAMS 0x00000000a1800000, 0x00000000a1800000| Complete 
| 537|0x00000000a1900000, 0x00000000a1a00000, 0x00000000a1a00000|100%| E|CS|TAMS 0x00000000a1900000, 0x00000000a1900000| Complete 
| 538|0x00000000a1a00000, 0x00000000a1b00000, 0x00000000a1b00000|100%| E|CS|TAMS 0x00000000a1a00000, 0x00000000a1a00000| Complete 
| 539|0x00000000a1b00000, 0x00000000a1c00000, 0x00000000a1c00000|100%| E|CS|TAMS 0x00000000a1b00000, 0x00000000a1b00000| Complete 
| 540|0x00000000a1c00000, 0x00000000a1d00000, 0x00000000a1d00000|100%| E|CS|TAMS 0x00000000a1c00000, 0x00000000a1c00000| Complete 
| 541|0x00000000a1d00000, 0x00000000a1e00000, 0x00000000a1e00000|100%| E|CS|TAMS 0x00000000a1d00000, 0x00000000a1d00000| Complete 
| 542|0x00000000a1e00000, 0x00000000a1f00000, 0x00000000a1f00000|100%| E|CS|TAMS 0x00000000a1e00000, 0x00000000a1e00000| Complete 
| 543|0x00000000a1f00000, 0x00000000a2000000, 0x00000000a2000000|100%| E|CS|TAMS 0x00000000a1f00000, 0x00000000a1f00000| Complete 
| 544|0x00000000a2000000, 0x00000000a2100000, 0x00000000a2100000|100%| E|CS|TAMS 0x00000000a2000000, 0x00000000a2000000| Complete 
| 545|0x00000000a2100000, 0x00000000a2200000, 0x00000000a2200000|100%| E|CS|TAMS 0x00000000a2100000, 0x00000000a2100000| Complete 
| 546|0x00000000a2200000, 0x00000000a2300000, 0x00000000a2300000|100%| E|CS|TAMS 0x00000000a2200000, 0x00000000a2200000| Complete 
| 547|0x00000000a2300000, 0x00000000a2400000, 0x00000000a2400000|100%| E|CS|TAMS 0x00000000a2300000, 0x00000000a2300000| Complete 
| 548|0x00000000a2400000, 0x00000000a2500000, 0x00000000a2500000|100%| E|CS|TAMS 0x00000000a2400000, 0x00000000a2400000| Complete 
| 549|0x00000000a2500000, 0x00000000a2600000, 0x00000000a2600000|100%| E|CS|TAMS 0x00000000a2500000, 0x00000000a2500000| Complete 
| 550|0x00000000a2600000, 0x00000000a2700000, 0x00000000a2700000|100%| E|CS|TAMS 0x00000000a2600000, 0x00000000a2600000| Complete 
| 551|0x00000000a2700000, 0x00000000a2800000, 0x00000000a2800000|100%| E|CS|TAMS 0x00000000a2700000, 0x00000000a2700000| Complete 
| 552|0x00000000a2800000, 0x00000000a2900000, 0x00000000a2900000|100%| E|CS|TAMS 0x00000000a2800000, 0x00000000a2800000| Complete 
| 553|0x00000000a2900000, 0x00000000a2a00000, 0x00000000a2a00000|100%| E|CS|TAMS 0x00000000a2900000, 0x00000000a2900000| Complete 
| 554|0x00000000a2a00000, 0x00000000a2b00000, 0x00000000a2b00000|100%| E|CS|TAMS 0x00000000a2a00000, 0x00000000a2a00000| Complete 
| 555|0x00000000a2b00000, 0x00000000a2c00000, 0x00000000a2c00000|100%| E|CS|TAMS 0x00000000a2b00000, 0x00000000a2b00000| Complete 
| 556|0x00000000a2c00000, 0x00000000a2d00000, 0x00000000a2d00000|100%| E|CS|TAMS 0x00000000a2c00000, 0x00000000a2c00000| Complete 
| 557|0x00000000a2d00000, 0x00000000a2e00000, 0x00000000a2e00000|100%| E|CS|TAMS 0x00000000a2d00000, 0x00000000a2d00000| Complete 
| 558|0x00000000a2e00000, 0x00000000a2f00000, 0x00000000a2f00000|100%| E|CS|TAMS 0x00000000a2e00000, 0x00000000a2e00000| Complete 
| 559|0x00000000a2f00000, 0x00000000a3000000, 0x00000000a3000000|100%| E|CS|TAMS 0x00000000a2f00000, 0x00000000a2f00000| Complete 
| 560|0x00000000a3000000, 0x00000000a3100000, 0x00000000a3100000|100%| E|CS|TAMS 0x00000000a3000000, 0x00000000a3000000| Complete 
| 561|0x00000000a3100000, 0x00000000a3200000, 0x00000000a3200000|100%| E|CS|TAMS 0x00000000a3100000, 0x00000000a3100000| Complete 
| 562|0x00000000a3200000, 0x00000000a3300000, 0x00000000a3300000|100%| E|CS|TAMS 0x00000000a3200000, 0x00000000a3200000| Complete 
| 563|0x00000000a3300000, 0x00000000a3400000, 0x00000000a3400000|100%| E|CS|TAMS 0x00000000a3300000, 0x00000000a3300000| Complete 
| 564|0x00000000a3400000, 0x00000000a3500000, 0x00000000a3500000|100%| E|CS|TAMS 0x00000000a3400000, 0x00000000a3400000| Complete 
| 565|0x00000000a3500000, 0x00000000a3600000, 0x00000000a3600000|100%| E|CS|TAMS 0x00000000a3500000, 0x00000000a3500000| Complete 
| 566|0x00000000a3600000, 0x00000000a3700000, 0x00000000a3700000|100%| E|CS|TAMS 0x00000000a3600000, 0x00000000a3600000| Complete 
| 567|0x00000000a3700000, 0x00000000a3800000, 0x00000000a3800000|100%| E|CS|TAMS 0x00000000a3700000, 0x00000000a3700000| Complete 
| 568|0x00000000a3800000, 0x00000000a3900000, 0x00000000a3900000|100%| E|CS|TAMS 0x00000000a3800000, 0x00000000a3800000| Complete 
| 569|0x00000000a3900000, 0x00000000a3a00000, 0x00000000a3a00000|100%| E|CS|TAMS 0x00000000a3900000, 0x00000000a3900000| Complete 
| 570|0x00000000a3a00000, 0x00000000a3b00000, 0x00000000a3b00000|100%| E|CS|TAMS 0x00000000a3a00000, 0x00000000a3a00000| Complete 
| 571|0x00000000a3b00000, 0x00000000a3c00000, 0x00000000a3c00000|100%| E|CS|TAMS 0x00000000a3b00000, 0x00000000a3b00000| Complete 
| 572|0x00000000a3c00000, 0x00000000a3d00000, 0x00000000a3d00000|100%| E|CS|TAMS 0x00000000a3c00000, 0x00000000a3c00000| Complete 
| 573|0x00000000a3d00000, 0x00000000a3e00000, 0x00000000a3e00000|100%| E|CS|TAMS 0x00000000a3d00000, 0x00000000a3d00000| Complete 
| 574|0x00000000a3e00000, 0x00000000a3f00000, 0x00000000a3f00000|100%| E|CS|TAMS 0x00000000a3e00000, 0x00000000a3e00000| Complete 
| 575|0x00000000a3f00000, 0x00000000a4000000, 0x00000000a4000000|100%| E|CS|TAMS 0x00000000a3f00000, 0x00000000a3f00000| Complete 
| 576|0x00000000a4000000, 0x00000000a4100000, 0x00000000a4100000|100%| E|CS|TAMS 0x00000000a4000000, 0x00000000a4000000| Complete 
| 577|0x00000000a4100000, 0x00000000a4200000, 0x00000000a4200000|100%| E|CS|TAMS 0x00000000a4100000, 0x00000000a4100000| Complete 
| 578|0x00000000a4200000, 0x00000000a4300000, 0x00000000a4300000|100%| E|CS|TAMS 0x00000000a4200000, 0x00000000a4200000| Complete 
| 579|0x00000000a4300000, 0x00000000a4400000, 0x00000000a4400000|100%| E|CS|TAMS 0x00000000a4300000, 0x00000000a4300000| Complete 
| 580|0x00000000a4400000, 0x00000000a4500000, 0x00000000a4500000|100%| E|CS|TAMS 0x00000000a4400000, 0x00000000a4400000| Complete 
| 581|0x00000000a4500000, 0x00000000a4600000, 0x00000000a4600000|100%| E|CS|TAMS 0x00000000a4500000, 0x00000000a4500000| Complete 
| 582|0x00000000a4600000, 0x00000000a4700000, 0x00000000a4700000|100%| E|CS|TAMS 0x00000000a4600000, 0x00000000a4600000| Complete 
| 583|0x00000000a4700000, 0x00000000a4800000, 0x00000000a4800000|100%| E|CS|TAMS 0x00000000a4700000, 0x00000000a4700000| Complete 
| 584|0x00000000a4800000, 0x00000000a4900000, 0x00000000a4900000|100%| E|CS|TAMS 0x00000000a4800000, 0x00000000a4800000| Complete 
| 585|0x00000000a4900000, 0x00000000a4a00000, 0x00000000a4a00000|100%| E|CS|TAMS 0x00000000a4900000, 0x00000000a4900000| Complete 
| 586|0x00000000a4a00000, 0x00000000a4b00000, 0x00000000a4b00000|100%| E|CS|TAMS 0x00000000a4a00000, 0x00000000a4a00000| Complete 
| 587|0x00000000a4b00000, 0x00000000a4c00000, 0x00000000a4c00000|100%| E|CS|TAMS 0x00000000a4b00000, 0x00000000a4b00000| Complete 
| 588|0x00000000a4c00000, 0x00000000a4d00000, 0x00000000a4d00000|100%| E|CS|TAMS 0x00000000a4c00000, 0x00000000a4c00000| Complete 
| 589|0x00000000a4d00000, 0x00000000a4e00000, 0x00000000a4e00000|100%| E|CS|TAMS 0x00000000a4d00000, 0x00000000a4d00000| Complete 
| 590|0x00000000a4e00000, 0x00000000a4f00000, 0x00000000a4f00000|100%| E|CS|TAMS 0x00000000a4e00000, 0x00000000a4e00000| Complete 
| 591|0x00000000a4f00000, 0x00000000a5000000, 0x00000000a5000000|100%| E|CS|TAMS 0x00000000a4f00000, 0x00000000a4f00000| Complete 
| 592|0x00000000a5000000, 0x00000000a5100000, 0x00000000a5100000|100%| E|CS|TAMS 0x00000000a5000000, 0x00000000a5000000| Complete 
| 593|0x00000000a5100000, 0x00000000a5200000, 0x00000000a5200000|100%| E|CS|TAMS 0x00000000a5100000, 0x00000000a5100000| Complete 
| 594|0x00000000a5200000, 0x00000000a5300000, 0x00000000a5300000|100%| E|CS|TAMS 0x00000000a5200000, 0x00000000a5200000| Complete 
| 595|0x00000000a5300000, 0x00000000a5400000, 0x00000000a5400000|100%| E|CS|TAMS 0x00000000a5300000, 0x00000000a5300000| Complete 
| 596|0x00000000a5400000, 0x00000000a5500000, 0x00000000a5500000|100%| E|CS|TAMS 0x00000000a5400000, 0x00000000a5400000| Complete 
| 597|0x00000000a5500000, 0x00000000a5600000, 0x00000000a5600000|100%| E|CS|TAMS 0x00000000a5500000, 0x00000000a5500000| Complete 
| 598|0x00000000a5600000, 0x00000000a5700000, 0x00000000a5700000|100%| E|CS|TAMS 0x00000000a5600000, 0x00000000a5600000| Complete 
| 599|0x00000000a5700000, 0x00000000a5800000, 0x00000000a5800000|100%| E|CS|TAMS 0x00000000a5700000, 0x00000000a5700000| Complete 
| 600|0x00000000a5800000, 0x00000000a5900000, 0x00000000a5900000|100%| E|CS|TAMS 0x00000000a5800000, 0x00000000a5800000| Complete 
| 601|0x00000000a5900000, 0x00000000a5a00000, 0x00000000a5a00000|100%| E|CS|TAMS 0x00000000a5900000, 0x00000000a5900000| Complete 
| 602|0x00000000a5a00000, 0x00000000a5b00000, 0x00000000a5b00000|100%| E|CS|TAMS 0x00000000a5a00000, 0x00000000a5a00000| Complete 
| 603|0x00000000a5b00000, 0x00000000a5c00000, 0x00000000a5c00000|100%| E|CS|TAMS 0x00000000a5b00000, 0x00000000a5b00000| Complete 
| 604|0x00000000a5c00000, 0x00000000a5d00000, 0x00000000a5d00000|100%| E|CS|TAMS 0x00000000a5c00000, 0x00000000a5c00000| Complete 
| 605|0x00000000a5d00000, 0x00000000a5e00000, 0x00000000a5e00000|100%| E|CS|TAMS 0x00000000a5d00000, 0x00000000a5d00000| Complete 
| 606|0x00000000a5e00000, 0x00000000a5f00000, 0x00000000a5f00000|100%| E|CS|TAMS 0x00000000a5e00000, 0x00000000a5e00000| Complete 
| 607|0x00000000a5f00000, 0x00000000a6000000, 0x00000000a6000000|100%| E|CS|TAMS 0x00000000a5f00000, 0x00000000a5f00000| Complete 
| 608|0x00000000a6000000, 0x00000000a6100000, 0x00000000a6100000|100%| E|CS|TAMS 0x00000000a6000000, 0x00000000a6000000| Complete 
| 609|0x00000000a6100000, 0x00000000a6200000, 0x00000000a6200000|100%| E|CS|TAMS 0x00000000a6100000, 0x00000000a6100000| Complete 
| 610|0x00000000a6200000, 0x00000000a6300000, 0x00000000a6300000|100%| E|CS|TAMS 0x00000000a6200000, 0x00000000a6200000| Complete 
| 611|0x00000000a6300000, 0x00000000a6400000, 0x00000000a6400000|100%| E|CS|TAMS 0x00000000a6300000, 0x00000000a6300000| Complete 
| 612|0x00000000a6400000, 0x00000000a6500000, 0x00000000a6500000|100%| E|CS|TAMS 0x00000000a6400000, 0x00000000a6400000| Complete 
| 613|0x00000000a6500000, 0x00000000a6600000, 0x00000000a6600000|100%| E|CS|TAMS 0x00000000a6500000, 0x00000000a6500000| Complete 
| 614|0x00000000a6600000, 0x00000000a6700000, 0x00000000a6700000|100%| E|CS|TAMS 0x00000000a6600000, 0x00000000a6600000| Complete 
| 615|0x00000000a6700000, 0x00000000a6800000, 0x00000000a6800000|100%| E|CS|TAMS 0x00000000a6700000, 0x00000000a6700000| Complete 
| 616|0x00000000a6800000, 0x00000000a6900000, 0x00000000a6900000|100%| E|CS|TAMS 0x00000000a6800000, 0x00000000a6800000| Complete 
| 617|0x00000000a6900000, 0x00000000a6a00000, 0x00000000a6a00000|100%| E|CS|TAMS 0x00000000a6900000, 0x00000000a6900000| Complete 
| 618|0x00000000a6a00000, 0x00000000a6b00000, 0x00000000a6b00000|100%| E|CS|TAMS 0x00000000a6a00000, 0x00000000a6a00000| Complete 
| 619|0x00000000a6b00000, 0x00000000a6c00000, 0x00000000a6c00000|100%| E|CS|TAMS 0x00000000a6b00000, 0x00000000a6b00000| Complete 
| 620|0x00000000a6c00000, 0x00000000a6d00000, 0x00000000a6d00000|100%| E|CS|TAMS 0x00000000a6c00000, 0x00000000a6c00000| Complete 
| 621|0x00000000a6d00000, 0x00000000a6e00000, 0x00000000a6e00000|100%| E|CS|TAMS 0x00000000a6d00000, 0x00000000a6d00000| Complete 
| 622|0x00000000a6e00000, 0x00000000a6f00000, 0x00000000a6f00000|100%| E|CS|TAMS 0x00000000a6e00000, 0x00000000a6e00000| Complete 
| 623|0x00000000a6f00000, 0x00000000a7000000, 0x00000000a7000000|100%| E|CS|TAMS 0x00000000a6f00000, 0x00000000a6f00000| Complete 
| 624|0x00000000a7000000, 0x00000000a7100000, 0x00000000a7100000|100%| E|CS|TAMS 0x00000000a7000000, 0x00000000a7000000| Complete 

Card table byte_map: [0x000002dda3b40000,0x000002dda3f40000] _byte_map_base: 0x000002dda3740000

Marking Bits (Prev, Next): (CMBitMap*) 0x000002dd8c3fd710, (CMBitMap*) 0x000002dd8c3fd6d0
 Prev Bits: [0x000002dda6340000, 0x000002dda8340000)
 Next Bits: [0x000002dda4340000, 0x000002dda6340000)

Polling page: 0x000002dd8a1c0000

Metaspace:

Usage:
  Non-class:    119.88 MB used.
      Class:     18.74 MB used.
       Both:    138.62 MB used.

Virtual space:
  Non-class space:      128.00 MB reserved,     120.94 MB ( 94%) committed,  2 nodes.
      Class space:      416.00 MB reserved,      19.69 MB (  5%) committed,  1 nodes.
             Both:      544.00 MB reserved,     140.62 MB ( 26%) committed. 

Chunk freelists:
   Non-Class:  6.61 MB
       Class:  12.20 MB
        Both:  18.81 MB

MaxMetaspaceSize: 512.00 MB
CompressedClassSpaceSize: 416.00 MB
Initial GC threshold: 21.00 MB
Current GC threshold: 182.31 MB
CDS: on
MetaspaceReclaimPolicy: balanced
 - commit_granule_bytes: 65536.
 - commit_granule_words: 8192.
 - virtual_space_node_default_size: 8388608.
 - enlarge_chunks_in_place: 1.
 - new_chunks_are_fully_committed: 0.
 - uncommit_free_chunks: 1.
 - use_allocation_guard: 0.
 - handle_deallocations: 1.


Internal statistics:

num_allocs_failed_limit: 9.
num_arena_births: 3088.
num_arena_deaths: 0.
num_vsnodes_births: 3.
num_vsnodes_deaths: 0.
num_space_committed: 2248.
num_space_uncommitted: 0.
num_chunks_returned_to_freelist: 9.
num_chunks_taken_from_freelist: 9794.
num_chunk_merges: 9.
num_chunk_splits: 6048.
num_chunks_enlarged: 3529.
num_inconsistent_stats: 0.

CodeHeap 'non-profiled nmethods': size=119168Kb used=16727Kb max_used=16727Kb free=102440Kb
 bounds [0x000002dd9ba60000, 0x000002dd9cac0000, 0x000002dda2ec0000]
CodeHeap 'profiled nmethods': size=119104Kb used=42468Kb max_used=42615Kb free=76635Kb
 bounds [0x000002dd93ec0000, 0x000002dd968a0000, 0x000002dd9b310000]
CodeHeap 'non-nmethods': size=7488Kb used=2422Kb max_used=3574Kb free=5065Kb
 bounds [0x000002dd9b310000, 0x000002dd9b6a0000, 0x000002dd9ba60000]
 total_blobs=22883 nmethods=21912 adapters=880
 compilation: enabled
              stopped_count=0, restarted_count=0
 full_count=0

Compilation events (20 events):
Event: 156.111 Thread 0x000002ddd0f4d400 nmethod 27074 0x000002dd963b8990 code [0x000002dd963b8b40, 0x000002dd963b8d88]
Event: 156.111 Thread 0x000002ddd0f4d400 27075  s    3       com.android.manifmerger.ActionRecorder::recordAttributeAction (12 bytes)
Event: 156.111 Thread 0x000002ddd0f4d400 nmethod 27075 0x000002dd96650490 code [0x000002dd96650680, 0x000002dd96650b38]
Event: 156.140 Thread 0x000002ddd0f4d400 27076       3       com.android.manifmerger.ManifestModel$AttributeBasedNodeKeyResolver::getKey (131 bytes)
Event: 156.142 Thread 0x000002ddd0f4d400 nmethod 27076 0x000002dd9664ed90 code [0x000002dd9664f060, 0x000002dd9664ffb8]
Event: 156.143 Thread 0x000002ddd0f4d400 27077       3       com.sun.org.apache.xerces.internal.dom.ElementImpl::getAttributeNS (50 bytes)
Event: 156.143 Thread 0x000002ddd0f4d400 nmethod 27077 0x000002dd9664df90 code [0x000002dd9664e1a0, 0x000002dd9664eb38]
Event: 156.175 Thread 0x000002ddd0f4d400 27078       3       com.android.manifmerger.XmlNode$NamespaceAwareName::equals (47 bytes)
Event: 156.175 Thread 0x000002ddd0f4d400 nmethod 27078 0x000002dd9664d690 code [0x000002dd9664d860, 0x000002dd9664ddd8]
Event: 156.175 Thread 0x000002ddd0f4d400 27079       3       com.android.manifmerger.XmlNode$NamespaceAwareName::hashCode (22 bytes)
Event: 156.176 Thread 0x000002ddd0f4d400 nmethod 27079 0x000002dd9664ce10 code [0x000002dd9664cfe0, 0x000002dd9664d528]
Event: 156.188 Thread 0x000002ddd0f4d400 27080       3       com.google.common.base.Ascii::toUpperCase (74 bytes)
Event: 156.190 Thread 0x000002ddd0f4d400 nmethod 27080 0x000002dd9664b790 code [0x000002dd9664ba40, 0x000002dd9664c848]
Event: 156.190 Thread 0x000002ddd0f4d400 27081       3       com.android.utils.SdkUtils::xmlNameToConstantName (11 bytes)
Event: 156.190 Thread 0x000002ddd0f4d400 nmethod 27081 0x000002dd9664b090 code [0x000002dd9664b260, 0x000002dd9664b5f8]
Event: 156.190 Thread 0x000002ddd0f4d400 27082       3       com.google.common.base.CaseFormat$1::convert (42 bytes)
Event: 157.083 Thread 0x000002ddaa649210 27083       3       com.android.manifmerger.OrphanXmlElement::<init> (51 bytes)
Event: 157.083 Thread 0x000002ddd0f4d400 nmethod 27082 0x000002dd9664aa90 code [0x000002dd9664ac80, 0x000002dd9664af58]
Event: 157.083 Thread 0x000002ddd0f4d400 27084       3       com.android.manifmerger.ManifestModel::fromXmlSimpleName (6 bytes)
Event: 157.088 Thread 0x000002ddd0f4e940 27056 %     4       com.android.utils.PositionXmlParser$DomBuilder::findOpeningTag @ 7 (131 bytes)

GC Heap History (20 events):
Event: 63.587 GC heap before
{Heap before GC invocations=53 (full 0):
 garbage-first heap   total 274432K, used 225679K [0x0000000080000000, 0x0000000100000000)
  region size 1024K, 83 young (84992K), 12 survivors (12288K)
 Metaspace       used 112899K, committed 114432K, reserved 557056K
  class space    used 15783K, committed 16512K, reserved 425984K
}
Event: 63.610 GC heap after
{Heap after GC invocations=54 (full 0):
 garbage-first heap   total 274432K, used 162623K [0x0000000080000000, 0x0000000100000000)
  region size 1024K, 11 young (11264K), 11 survivors (11264K)
 Metaspace       used 112899K, committed 114432K, reserved 557056K
  class space    used 15783K, committed 16512K, reserved 425984K
}
Event: 63.644 GC heap before
{Heap before GC invocations=54 (full 0):
 garbage-first heap   total 274432K, used 164671K [0x0000000080000000, 0x0000000100000000)
  region size 1024K, 13 young (13312K), 11 survivors (11264K)
 Metaspace       used 113232K, committed 114752K, reserved 557056K
  class space    used 15867K, committed 16576K, reserved 425984K
}
Event: 63.658 GC heap after
{Heap after GC invocations=55 (full 0):
 garbage-first heap   total 274432K, used 161283K [0x0000000080000000, 0x0000000100000000)
  region size 1024K, 2 young (2048K), 2 survivors (2048K)
 Metaspace       used 113232K, committed 114752K, reserved 557056K
  class space    used 15867K, committed 16576K, reserved 425984K
}
Event: 64.288 GC heap before
{Heap before GC invocations=55 (full 0):
 garbage-first heap   total 274432K, used 224771K [0x0000000080000000, 0x0000000100000000)
  region size 1024K, 64 young (65536K), 2 survivors (2048K)
 Metaspace       used 115207K, committed 116800K, reserved 557056K
  class space    used 16214K, committed 16960K, reserved 425984K
}
Event: 64.302 GC heap after
{Heap after GC invocations=56 (full 0):
 garbage-first heap   total 640000K, used 163073K [0x0000000080000000, 0x0000000100000000)
  region size 1024K, 4 young (4096K), 4 survivors (4096K)
 Metaspace       used 115207K, committed 116800K, reserved 557056K
  class space    used 16214K, committed 16960K, reserved 425984K
}
Event: 71.641 GC heap before
{Heap before GC invocations=56 (full 0):
 garbage-first heap   total 640000K, used 460033K [0x0000000080000000, 0x0000000100000000)
  region size 1024K, 295 young (302080K), 4 survivors (4096K)
 Metaspace       used 121687K, committed 123328K, reserved 557056K
  class space    used 16948K, committed 17728K, reserved 425984K
}
Event: 71.697 GC heap after
{Heap after GC invocations=57 (full 0):
 garbage-first heap   total 640000K, used 182692K [0x0000000080000000, 0x0000000100000000)
  region size 1024K, 23 young (23552K), 23 survivors (23552K)
 Metaspace       used 121687K, committed 123328K, reserved 557056K
  class space    used 16948K, committed 17728K, reserved 425984K
}
Event: 83.233 GC heap before
{Heap before GC invocations=57 (full 0):
 garbage-first heap   total 640000K, used 498084K [0x0000000080000000, 0x0000000100000000)
  region size 1024K, 327 young (334848K), 23 survivors (23552K)
 Metaspace       used 122514K, committed 124224K, reserved 557056K
  class space    used 17044K, committed 17856K, reserved 425984K
}
Event: 83.339 GC heap after
{Heap after GC invocations=58 (full 0):
 garbage-first heap   total 640000K, used 211101K [0x0000000080000000, 0x0000000100000000)
  region size 1024K, 41 young (41984K), 41 survivors (41984K)
 Metaspace       used 122514K, committed 124224K, reserved 557056K
  class space    used 17044K, committed 17856K, reserved 425984K
}
Event: 93.706 GC heap before
{Heap before GC invocations=58 (full 0):
 garbage-first heap   total 640000K, used 501917K [0x0000000080000000, 0x0000000100000000)
  region size 1024K, 324 young (331776K), 41 survivors (41984K)
 Metaspace       used 130422K, committed 132352K, reserved 557056K
  class space    used 18106K, committed 19008K, reserved 425984K
}
Event: 93.949 GC heap after
{Heap after GC invocations=59 (full 0):
 garbage-first heap   total 640000K, used 245748K [0x0000000080000000, 0x0000000100000000)
  region size 1024K, 35 young (35840K), 35 survivors (35840K)
 Metaspace       used 130422K, committed 132352K, reserved 557056K
  class space    used 18106K, committed 19008K, reserved 425984K
}
Event: 117.693 GC heap before
{Heap before GC invocations=59 (full 0):
 garbage-first heap   total 640000K, used 506868K [0x0000000080000000, 0x0000000100000000)
  region size 1024K, 283 young (289792K), 35 survivors (35840K)
 Metaspace       used 134826K, committed 136832K, reserved 557056K
  class space    used 18527K, committed 19520K, reserved 425984K
}
Event: 118.129 GC heap after
{Heap after GC invocations=60 (full 0):
 garbage-first heap   total 640000K, used 280406K [0x0000000080000000, 0x0000000100000000)
  region size 1024K, 36 young (36864K), 36 survivors (36864K)
 Metaspace       used 134826K, committed 136832K, reserved 557056K
  class space    used 18527K, committed 19520K, reserved 425984K
}
Event: 128.658 GC heap before
{Heap before GC invocations=60 (full 0):
 garbage-first heap   total 640000K, used 371542K [0x0000000080000000, 0x0000000100000000)
  region size 1024K, 109 young (111616K), 36 survivors (36864K)
 Metaspace       used 135257K, committed 137280K, reserved 557056K
  class space    used 18541K, committed 19520K, reserved 425984K
}
Event: 128.743 GC heap after
{Heap after GC invocations=61 (full 0):
 garbage-first heap   total 640000K, used 312170K [0x0000000080000000, 0x0000000100000000)
  region size 1024K, 14 young (14336K), 14 survivors (14336K)
 Metaspace       used 135257K, committed 137280K, reserved 557056K
  class space    used 18541K, committed 19520K, reserved 425984K
}
Event: 133.551 GC heap before
{Heap before GC invocations=61 (full 0):
 garbage-first heap   total 640000K, used 492394K [0x0000000080000000, 0x0000000100000000)
  region size 1024K, 163 young (166912K), 14 survivors (14336K)
 Metaspace       used 139117K, committed 141184K, reserved 557056K
  class space    used 18890K, committed 19904K, reserved 425984K
}
Event: 133.600 GC heap after
{Heap after GC invocations=62 (full 0):
 garbage-first heap   total 640000K, used 331555K [0x0000000080000000, 0x0000000100000000)
  region size 1024K, 17 young (17408K), 17 survivors (17408K)
 Metaspace       used 139117K, committed 141184K, reserved 557056K
  class space    used 18890K, committed 19904K, reserved 425984K
}
Event: 136.900 GC heap before
{Heap before GC invocations=62 (full 0):
 garbage-first heap   total 640000K, used 486179K [0x0000000080000000, 0x0000000100000000)
  region size 1024K, 167 young (171008K), 17 survivors (17408K)
 Metaspace       used 141223K, committed 143232K, reserved 557056K
  class space    used 19115K, committed 20096K, reserved 425984K
}
Event: 136.909 GC heap after
{Heap after GC invocations=63 (full 0):
 garbage-first heap   total 640000K, used 326301K [0x0000000080000000, 0x0000000100000000)
  region size 1024K, 4 young (4096K), 4 survivors (4096K)
 Metaspace       used 141223K, committed 143232K, reserved 557056K
  class space    used 19115K, committed 20096K, reserved 425984K
}

Dll operation events (15 events):
Event: 0.011 Loaded shared library C:\Program Files\Microsoft\jdk-17.0.12.7-hotspot\bin\java.dll
Event: 0.029 Loaded shared library C:\Program Files\Microsoft\jdk-17.0.12.7-hotspot\bin\jsvml.dll
Event: 0.062 Loaded shared library C:\Program Files\Microsoft\jdk-17.0.12.7-hotspot\bin\zip.dll
Event: 0.064 Loaded shared library C:\Program Files\Microsoft\jdk-17.0.12.7-hotspot\bin\instrument.dll
Event: 0.069 Loaded shared library C:\Program Files\Microsoft\jdk-17.0.12.7-hotspot\bin\net.dll
Event: 0.072 Loaded shared library C:\Program Files\Microsoft\jdk-17.0.12.7-hotspot\bin\nio.dll
Event: 0.074 Loaded shared library C:\Program Files\Microsoft\jdk-17.0.12.7-hotspot\bin\zip.dll
Event: 0.278 Loaded shared library C:\Program Files\Microsoft\jdk-17.0.12.7-hotspot\bin\jimage.dll
Event: 0.463 Loaded shared library C:\Program Files\Microsoft\jdk-17.0.12.7-hotspot\bin\verify.dll
Event: 0.501 Loaded shared library C:\Users\anish\.gradle\native\660c5614fbf4a5f2a75b1949f50a0caf5cd603558e7d8a26e50b933a0cfb79d1\windows-amd64\native-platform.dll
Event: 0.521 Loaded shared library C:\Users\anish\.gradle\native\0.2.8\x86_64-windows-gnu\gradle-fileevents.dll
Event: 1.585 Loaded shared library C:\Program Files\Microsoft\jdk-17.0.12.7-hotspot\bin\management.dll
Event: 1.588 Loaded shared library C:\Program Files\Microsoft\jdk-17.0.12.7-hotspot\bin\management_ext.dll
Event: 1.745 Loaded shared library C:\Program Files\Microsoft\jdk-17.0.12.7-hotspot\bin\extnet.dll
Event: 1.905 Loaded shared library C:\Program Files\Microsoft\jdk-17.0.12.7-hotspot\bin\sunmscapi.dll

Deoptimization events (20 events):
Event: 155.304 Thread 0x000002ddcdd9aba0 DEOPT PACKING pc=0x000002dd9c868680 sp=0x000000e54e5fa080
Event: 155.305 Thread 0x000002ddcdd9aba0 DEOPT UNPACKING pc=0x000002dd9b3669a3 sp=0x000000e54e5fa010 mode 2
Event: 155.445 Thread 0x000002ddcdd9aba0 DEOPT PACKING pc=0x000002dd964a536a sp=0x000000e54e5f9ff0
Event: 155.445 Thread 0x000002ddcdd9aba0 DEOPT UNPACKING pc=0x000002dd9b367143 sp=0x000000e54e5f9520 mode 0
Event: 155.644 Thread 0x000002ddcc177a40 DEOPT PACKING pc=0x000002dd94c6688c sp=0x000000e5478fe7d0
Event: 155.686 Thread 0x000002ddcc177a40 DEOPT UNPACKING pc=0x000002dd9b367143 sp=0x000000e5478fdd10 mode 0
Event: 155.917 Thread 0x000002ddcdd9aba0 DEOPT PACKING pc=0x000002dd964a536a sp=0x000000e54e5f9e50
Event: 155.936 Thread 0x000002ddcdd9aba0 DEOPT UNPACKING pc=0x000002dd9b367143 sp=0x000000e54e5f9380 mode 0
Event: 156.023 Thread 0x000002ddcdd9aba0 DEOPT PACKING pc=0x000002dd964a536a sp=0x000000e54e5f9ff0
Event: 156.023 Thread 0x000002ddcdd9aba0 DEOPT UNPACKING pc=0x000002dd9b367143 sp=0x000000e54e5f9520 mode 0
Event: 156.076 Thread 0x000002ddcdd9aba0 DEOPT PACKING pc=0x000002dd964a536a sp=0x000000e54e5f9fb0
Event: 156.076 Thread 0x000002ddcdd9aba0 DEOPT UNPACKING pc=0x000002dd9b367143 sp=0x000000e54e5f94e0 mode 0
Event: 156.090 Thread 0x000002ddcdd9aba0 DEOPT PACKING pc=0x000002dd94097981 sp=0x000000e54e5f9fe0
Event: 156.090 Thread 0x000002ddcdd9aba0 DEOPT UNPACKING pc=0x000002dd9b367143 sp=0x000000e54e5f9508 mode 0
Event: 156.124 Thread 0x000002ddcdd9aba0 DEOPT PACKING pc=0x000002dd964a536a sp=0x000000e54e5f9ff0
Event: 156.124 Thread 0x000002ddcdd9aba0 DEOPT UNPACKING pc=0x000002dd9b367143 sp=0x000000e54e5f9520 mode 0
Event: 156.168 Thread 0x000002ddcdd9aba0 DEOPT PACKING pc=0x000002dd964a536a sp=0x000000e54e5f9ff0
Event: 156.168 Thread 0x000002ddcdd9aba0 DEOPT UNPACKING pc=0x000002dd9b367143 sp=0x000000e54e5f9520 mode 0
Event: 156.202 Thread 0x000002ddcdd9aba0 DEOPT PACKING pc=0x000002dd94097981 sp=0x000000e54e5f9fe0
Event: 156.202 Thread 0x000002ddcdd9aba0 DEOPT UNPACKING pc=0x000002dd9b367143 sp=0x000000e54e5f9508 mode 0

Classes loaded (20 events):
Event: 134.000 Loading class com/sun/xml/internal/stream/util/ReadOnlyIterator
Event: 134.004 Loading class com/sun/xml/internal/stream/util/ReadOnlyIterator done
Event: 134.780 Loading class java/util/TreeMap$DescendingSubMap
Event: 134.782 Loading class java/util/TreeMap$NavigableSubMap
Event: 134.784 Loading class java/util/TreeMap$NavigableSubMap done
Event: 134.784 Loading class java/util/TreeMap$DescendingSubMap done
Event: 134.784 Loading class java/util/TreeMap$DescendingSubMap$DescendingEntrySetView
Event: 134.785 Loading class java/util/TreeMap$NavigableSubMap$EntrySetView
Event: 134.785 Loading class java/util/TreeMap$NavigableSubMap$EntrySetView done
Event: 134.785 Loading class java/util/TreeMap$DescendingSubMap$DescendingEntrySetView done
Event: 134.785 Loading class java/util/TreeMap$NavigableSubMap$DescendingSubMapEntryIterator
Event: 134.786 Loading class java/util/TreeMap$NavigableSubMap$SubMapIterator
Event: 134.787 Loading class java/util/TreeMap$NavigableSubMap$SubMapIterator done
Event: 134.787 Loading class java/util/TreeMap$NavigableSubMap$DescendingSubMapEntryIterator done
Event: 138.623 Loading class java/nio/file/FileChannelLinesSpliterator
Event: 138.624 Loading class java/nio/file/FileChannelLinesSpliterator done
Event: 138.629 Loading class java/util/stream/Streams$1
Event: 138.630 Loading class java/util/stream/Streams$1 done
Event: 138.682 Loading class java/nio/file/FileChannelLinesSpliterator$1
Event: 138.683 Loading class java/nio/file/FileChannelLinesSpliterator$1 done

Classes unloaded (0 events):
No events

Classes redefined (0 events):
No events

Internal exceptions (20 events):
Event: 134.801 Thread 0x000002ddcdd9ca00 Exception <a 'sun/nio/fs/WindowsException'{0x00000000a13df968}> (0x00000000a13df968) 
thrown [s\src\hotspot\share\prims\jni.cpp, line 516]
Event: 134.802 Thread 0x000002ddcdd9ca00 Exception <a 'sun/nio/fs/WindowsException'{0x00000000a13e2ef8}> (0x00000000a13e2ef8) 
thrown [s\src\hotspot\share\prims\jni.cpp, line 516]
Event: 134.992 Thread 0x000002ddcdd9b0b0 Exception <a 'sun/nio/fs/WindowsException'{0x00000000a093fe50}> (0x00000000a093fe50) 
thrown [s\src\hotspot\share\prims\jni.cpp, line 516]
Event: 134.993 Thread 0x000002ddcdd9b0b0 Exception <a 'sun/nio/fs/WindowsException'{0x00000000a0942a70}> (0x00000000a0942a70) 
thrown [s\src\hotspot\share\prims\jni.cpp, line 516]
Event: 136.153 Thread 0x000002ddcccc5880 Exception <a 'sun/nio/fs/WindowsException'{0x00000000a0723160}> (0x00000000a0723160) 
thrown [s\src\hotspot\share\prims\jni.cpp, line 516]
Event: 138.431 Thread 0x000002ddcccc5880 Implicit null exception at 0x000002dd9bc5d97b to 0x000002dd9bc5e068
Event: 138.505 Thread 0x000002ddcdd9b0b0 Exception <a 'sun/nio/fs/WindowsException'{0x000000009fdd98b8}> (0x000000009fdd98b8) 
thrown [s\src\hotspot\share\prims\jni.cpp, line 516]
Event: 138.505 Thread 0x000002ddcdd9b0b0 Exception <a 'sun/nio/fs/WindowsException'{0x000000009fdda7a0}> (0x000000009fdda7a0) 
thrown [s\src\hotspot\share\prims\jni.cpp, line 516]
Event: 138.506 Thread 0x000002ddcdd9b0b0 Exception <a 'sun/nio/fs/WindowsException'{0x000000009fdda830}> (0x000000009fdda830) 
thrown [s\src\hotspot\share\prims\jni.cpp, line 516]
Event: 138.506 Thread 0x000002ddcdd9b0b0 Exception <a 'sun/nio/fs/WindowsException'{0x000000009fddacf8}> (0x000000009fddacf8) 
thrown [s\src\hotspot\share\prims\jni.cpp, line 516]
Event: 138.564 Thread 0x000002ddcdd9aba0 Exception <a 'sun/nio/fs/WindowsException'{0x000000009f955638}> (0x000000009f955638) 
thrown [s\src\hotspot\share\prims\jni.cpp, line 516]
Event: 138.955 Thread 0x000002ddce0a21d0 Exception <a 'sun/nio/fs/WindowsException'{0x000000009ead2710}> (0x000000009ead2710) 
thrown [s\src\hotspot\share\prims\jni.cpp, line 516]
Event: 139.048 Thread 0x000002ddd0bffdf0 Implicit null exception at 0x000002dd9c84e8f8 to 0x000002dd9c851b90
Event: 153.946 Thread 0x000002ddce0a2bf0 Exception <a 'sun/nio/fs/WindowsException'{0x000000009d28eb28}> (0x000000009d28eb28) 
thrown [s\src\hotspot\share\prims\jni.cpp, line 516]
Event: 154.876 Thread 0x000002ddcdd9aba0 Exception <a 'sun/nio/fs/WindowsException'{0x000000009cd01ce0}> (0x000000009cd01ce0) 
thrown [s\src\hotspot\share\prims\jni.cpp, line 516]
Event: 154.876 Thread 0x000002ddcdd9aba0 Exception <a 'sun/nio/fs/WindowsException'{0x000000009cd02190}> (0x000000009cd02190) 
thrown [s\src\hotspot\share\prims\jni.cpp, line 516]
Event: 154.938 Thread 0x000002ddcdd9aba0 Exception <a 'sun/nio/fs/WindowsException'{0x000000009cd04410}> (0x000000009cd04410) 
thrown [s\src\hotspot\share\prims\jni.cpp, line 516]
Event: 154.938 Thread 0x000002ddcdd9aba0 Exception <a 'sun/nio/fs/WindowsException'{0x000000009cd04818}> (0x000000009cd04818) 
thrown [s\src\hotspot\share\prims\jni.cpp, line 516]
Event: 155.020 Thread 0x000002ddcdd9aba0 Exception <a 'sun/nio/fs/WindowsException'{0x000000009cd069e0}> (0x000000009cd069e0) 
thrown [s\src\hotspot\share\prims\jni.cpp, line 516]
Event: 155.020 Thread 0x000002ddcdd9aba0 Exception <a 'sun/nio/fs/WindowsException'{0x000000009cd06d10}> (0x000000009cd06d10) 
thrown [s\src\hotspot\share\prims\jni.cpp, line 516]

VM Operations (20 events):
Event: 136.900 Executing VM operation: G1CollectForAllocation
Event: 136.909 Executing VM operation: G1CollectForAllocation done
Event: 137.919 Executing VM operation: Cleanup
Event: 137.920 Executing VM operation: Cleanup done
Event: 138.389 Executing VM operation: HandshakeAllThreads
Event: 138.390 Executing VM operation: HandshakeAllThreads done
Event: 139.001 Executing VM operation: HandshakeAllThreads
Event: 139.025 Executing VM operation: HandshakeAllThreads done
Event: 139.025 Executing VM operation: Cleanup
Event: 139.027 Executing VM operation: Cleanup done
Event: 141.042 Executing VM operation: Cleanup
Event: 141.042 Executing VM operation: Cleanup done
Event: 143.082 Executing VM operation: Cleanup
Event: 143.100 Executing VM operation: Cleanup done
Event: 154.173 Executing VM operation: Cleanup
Event: 154.173 Executing VM operation: Cleanup done
Event: 155.188 Executing VM operation: Cleanup
Event: 155.188 Executing VM operation: Cleanup done
Event: 156.203 Executing VM operation: Cleanup
Event: 157.083 Executing VM operation: Cleanup done

Events (20 events):
Event: 134.470 Thread 0x000002ddab320480 flushing nmethod 0x000002dd9678cf90
Event: 134.470 Thread 0x000002ddab320480 flushing nmethod 0x000002dd96791b10
Event: 134.470 Thread 0x000002ddab320480 flushing nmethod 0x000002dd96794a90
Event: 134.470 Thread 0x000002ddab320480 flushing nmethod 0x000002dd96798310
Event: 134.471 Thread 0x000002ddab320480 flushing nmethod 0x000002dd9679e490
Event: 134.471 Thread 0x000002ddab320480 flushing nmethod 0x000002dd967b1d10
Event: 136.139 Thread 0x000002ddd0f49440 Thread exited: 0x000002ddd0f49440
Event: 137.147 Thread 0x000002ddd0f503d0 Thread exited: 0x000002ddd0f503d0
Event: 137.208 Thread 0x000002ddd0f4b420 Thread exited: 0x000002ddd0f4b420
Event: 137.471 Thread 0x000002ddd0f4b420 Thread added: 0x000002ddd0f4b420
Event: 137.653 Thread 0x000002ddd0f4b420 Thread exited: 0x000002ddd0f4b420
Event: 149.855 Thread 0x000002ddd0bf98b0 Thread exited: 0x000002ddd0bf98b0
Event: 150.899 Thread 0x000002ddd0f4d400 Thread added: 0x000002ddd0f4d400
Event: 150.900 Thread 0x000002ddd0f4d950 Thread added: 0x000002ddd0f4d950
Event: 153.075 Thread 0x000002ddd0f4d950 Thread exited: 0x000002ddd0f4d950
Event: 153.103 Thread 0x000002ddd0f4d400 Thread exited: 0x000002ddd0f4d400
Event: 153.589 Thread 0x000002ddd0f4d400 Thread added: 0x000002ddd0f4d400
Event: 154.181 Thread 0x000002ddd0f4d400 Thread exited: 0x000002ddd0f4d400
Event: 155.481 Thread 0x000002ddd0f4d400 Thread added: 0x000002ddd0f4d400
Event: 157.083 Thread 0x000002ddd0f4e940 Thread added: 0x000002ddd0f4e940


Dynamic libraries:
0x00007ff7792d0000 - 0x00007ff7792de000 	C:\Program Files\Microsoft\jdk-17.0.12.7-hotspot\bin\java.exe
0x00007fffc8400000 - 0x00007fffc8666000 	C:\WINDOWS\SYSTEM32\ntdll.dll
0x00007fffc7a60000 - 0x00007fffc7b29000 	C:\WINDOWS\System32\KERNEL32.DLL
0x00007fffc56e0000 - 0x00007fffc5ade000 	C:\WINDOWS\System32\KERNELBASE.dll
0x00007fffc5c30000 - 0x00007fffc5d7c000 	C:\WINDOWS\System32\ucrtbase.dll
0x00007fff9d6d0000 - 0x00007fff9d6ed000 	C:\Program Files\Microsoft\jdk-17.0.12.7-hotspot\bin\VCRUNTIME140.dll
0x00007fffae630000 - 0x00007fffae647000 	C:\Program Files\Microsoft\jdk-17.0.12.7-hotspot\bin\jli.dll
0x00007fffc75a0000 - 0x00007fffc7767000 	C:\WINDOWS\System32\USER32.dll
0x00007fffc5fd0000 - 0x00007fffc5ff7000 	C:\WINDOWS\System32\win32u.dll
0x00007fffa7cc0000 - 0x00007fffa7f52000 	C:\WINDOWS\WinSxS\amd64_microsoft.windows.common-controls_6595b64144ccf1df_6.0.26100.8875_none_3e0d5d42e32fe9dd\COMCTL32.dll
0x00007fffc6dd0000 - 0x00007fffc6dfb000 	C:\WINDOWS\System32\GDI32.dll
0x00007fffc80f0000 - 0x00007fffc8199000 	C:\WINDOWS\System32\msvcrt.dll
0x00007fffc6000000 - 0x00007fffc612a000 	C:\WINDOWS\System32\gdi32full.dll
0x00007fffc5af0000 - 0x00007fffc5b93000 	C:\WINDOWS\System32\msvcp_win.dll
0x00007fffc7780000 - 0x00007fffc77b2000 	C:\WINDOWS\System32\IMM32.DLL
0x00007fffaec10000 - 0x00007fffaec1c000 	C:\Program Files\Microsoft\jdk-17.0.12.7-hotspot\bin\vcruntime140_1.dll
0x00007fff88580000 - 0x00007fff8860d000 	C:\Program Files\Microsoft\jdk-17.0.12.7-hotspot\bin\msvcp140.dll
0x00007fff26c60000 - 0x00007fff278d0000 	C:\Program Files\Microsoft\jdk-17.0.12.7-hotspot\bin\server\jvm.dll
0x00007fffc6130000 - 0x00007fffc61e7000 	C:\WINDOWS\System32\ADVAPI32.dll
0x00007fffc7d60000 - 0x00007fffc7e0a000 	C:\WINDOWS\System32\sechost.dll
0x00007fffc7b30000 - 0x00007fffc7c48000 	C:\WINDOWS\System32\RPCRT4.dll
0x00007fffc81a0000 - 0x00007fffc8220000 	C:\WINDOWS\System32\WS2_32.dll
0x00007fffc5480000 - 0x00007fffc54de000 	C:\WINDOWS\SYSTEM32\POWRPROF.dll
0x00007fffbc7a0000 - 0x00007fffbc7d6000 	C:\WINDOWS\SYSTEM32\WINMM.dll
0x00007fffa8a60000 - 0x00007fffa8a6b000 	C:\WINDOWS\SYSTEM32\VERSION.dll
0x00007fffc5460000 - 0x00007fffc5474000 	C:\WINDOWS\SYSTEM32\UMPDC.dll
0x00007fffc4300000 - 0x00007fffc431b000 	C:\WINDOWS\SYSTEM32\kernel.appcore.dll
0x00007fffae620000 - 0x00007fffae62a000 	C:\Program Files\Microsoft\jdk-17.0.12.7-hotspot\bin\jimage.dll
0x00007fffc2b40000 - 0x00007fffc2d82000 	C:\WINDOWS\SYSTEM32\DBGHELP.DLL
0x00007fffc6430000 - 0x00007fffc67b3000 	C:\WINDOWS\System32\combase.dll
0x00007fffc7e10000 - 0x00007fffc7ee9000 	C:\WINDOWS\System32\OLEAUT32.dll
0x00007fffa0b90000 - 0x00007fffa0bcb000 	C:\WINDOWS\SYSTEM32\dbgcore.DLL
0x00007fffc5f10000 - 0x00007fffc5fbc000 	C:\WINDOWS\System32\bcryptPrimitives.dll
0x00007fff8a950000 - 0x00007fff8a95e000 	C:\Program Files\Microsoft\jdk-17.0.12.7-hotspot\bin\instrument.dll
0x00007fff933e0000 - 0x00007fff93405000 	C:\Program Files\Microsoft\jdk-17.0.12.7-hotspot\bin\java.dll
0x00007fff54db0000 - 0x00007fff54e87000 	C:\Program Files\Microsoft\jdk-17.0.12.7-hotspot\bin\jsvml.dll
0x00007fffc6e00000 - 0x00007fffc7592000 	C:\WINDOWS\System32\SHELL32.dll
0x00007fffc30c0000 - 0x00007fffc3952000 	C:\WINDOWS\SYSTEM32\windows.storage.dll
0x00007fffc6840000 - 0x00007fffc6937000 	C:\WINDOWS\System32\SHCORE.dll
0x00007fffc8230000 - 0x00007fffc8297000 	C:\WINDOWS\System32\shlwapi.dll
0x00007fffc5540000 - 0x00007fffc5569000 	C:\WINDOWS\SYSTEM32\profapi.dll
0x00007fff8add0000 - 0x00007fff8ade8000 	C:\Program Files\Microsoft\jdk-17.0.12.7-hotspot\bin\zip.dll
0x00007fff9c630000 - 0x00007fff9c64a000 	C:\Program Files\Microsoft\jdk-17.0.12.7-hotspot\bin\net.dll
0x00007fffb7590000 - 0x00007fffb76b7000 	C:\WINDOWS\SYSTEM32\WINHTTP.dll
0x00007fffc48b0000 - 0x00007fffc491c000 	C:\WINDOWS\system32\mswsock.dll
0x00007fff8ae80000 - 0x00007fff8ae96000 	C:\Program Files\Microsoft\jdk-17.0.12.7-hotspot\bin\nio.dll
0x00007fff933a0000 - 0x00007fff933b0000 	C:\Program Files\Microsoft\jdk-17.0.12.7-hotspot\bin\verify.dll
0x00007fff8ab10000 - 0x00007fff8ab37000 	C:\Users\anish\.gradle\native\660c5614fbf4a5f2a75b1949f50a0caf5cd603558e7d8a26e50b933a0cfb79d1\windows-amd64\native-platform.dll
0x00007fff832c0000 - 0x00007fff83337000 	C:\Users\anish\.gradle\native\0.2.8\x86_64-windows-gnu\gradle-fileevents.dll
0x00007fffab630000 - 0x00007fffab63a000 	C:\Program Files\Microsoft\jdk-17.0.12.7-hotspot\bin\management.dll
0x00007fffa99b0000 - 0x00007fffa99bb000 	C:\Program Files\Microsoft\jdk-17.0.12.7-hotspot\bin\management_ext.dll
0x00007fffc82a0000 - 0x00007fffc82a8000 	C:\WINDOWS\System32\PSAPI.DLL
0x00007fffc3d60000 - 0x00007fffc3d93000 	C:\WINDOWS\SYSTEM32\IPHLPAPI.DLL
0x00007fffc61f0000 - 0x00007fffc61fa000 	C:\WINDOWS\System32\NSI.dll
0x00007fffbf2b0000 - 0x00007fffbf2cd000 	C:\WINDOWS\SYSTEM32\dhcpcsvc6.DLL
0x00007fffbf270000 - 0x00007fffbf295000 	C:\WINDOWS\SYSTEM32\dhcpcsvc.DLL
0x00007fffc3e40000 - 0x00007fffc3f96000 	C:\WINDOWS\SYSTEM32\DNSAPI.dll
0x00007fffc4690000 - 0x00007fffc469d000 	C:\WINDOWS\SYSTEM32\DSPARSE.dll
0x00007fff964d0000 - 0x00007fff964d9000 	C:\Program Files\Microsoft\jdk-17.0.12.7-hotspot\bin\extnet.dll
0x00007fffc4bb0000 - 0x00007fffc4bcb000 	C:\WINDOWS\SYSTEM32\CRYPTSP.dll
0x00007fffc4260000 - 0x00007fffc4299000 	C:\WINDOWS\system32\rsaenh.dll
0x00007fffc4970000 - 0x00007fffc49a2000 	C:\WINDOWS\SYSTEM32\USERENV.dll
0x00007fffc5510000 - 0x00007fffc553a000 	C:\WINDOWS\SYSTEM32\bcrypt.dll
0x00007fffc4bd0000 - 0x00007fffc4bdc000 	C:\WINDOWS\SYSTEM32\CRYPTBASE.dll
0x00007fff89db0000 - 0x00007fff89dbe000 	C:\Program Files\Microsoft\jdk-17.0.12.7-hotspot\bin\sunmscapi.dll
0x00007fffc5d90000 - 0x00007fffc5f08000 	C:\WINDOWS\System32\CRYPT32.dll
0x00007fffc4df0000 - 0x00007fffc4e20000 	C:\WINDOWS\SYSTEM32\ncrypt.dll
0x00007fffc4da0000 - 0x00007fffc4ddf000 	C:\WINDOWS\SYSTEM32\NTASN1.dll
0x00007fffad5b0000 - 0x00007fffad5b8000 	C:\WINDOWS\system32\wshunix.dll
0x00007fffb48f0000 - 0x00007fffb48fb000 	C:\Windows\System32\rasadhlp.dll
0x00007fffbf350000 - 0x00007fffbf3d6000 	C:\WINDOWS\System32\fwpuclnt.dll
0x00007fffc4430000 - 0x00007fffc4466000 	C:\WINDOWS\SYSTEM32\ntmarta.dll

dbghelp: loaded successfully - version: 4.0.5 - missing functions: none
symbol engine: initialized successfully - sym options: 0x614 - pdb path: .;C:\Program Files\Microsoft\jdk-17.0.12.7-hotspot\bin;C:\WINDOWS\SYSTEM32;C:\WINDOWS\WinSxS\amd64_microsoft.windows.common-controls_6595b64144ccf1df_6.0.26100.8875_none_3e0d5d42e32fe9dd;C:\Program Files\Microsoft\jdk-17.0.12.7-hotspot\bin\server;C:\Users\anish\.gradle\native\660c5614fbf4a5f2a75b1949f50a0caf5cd603558e7d8a26e50b933a0cfb79d1\windows-amd64;C:\Users\anish\.gradle\native\0.2.8\x86_64-windows-gnu

VM Arguments:
jvm_args: --add-opens=java.base/java.lang=ALL-UNNAMED --add-opens=java.base/java.lang.invoke=ALL-UNNAMED --add-opens=java.base/java.util=ALL-UNNAMED --add-opens=java.prefs/java.util.prefs=ALL-UNNAMED --add-exports=jdk.compiler/com.sun.tools.javac.api=ALL-UNNAMED --add-exports=jdk.compiler/com.sun.tools.javac.util=ALL-UNNAMED --add-opens=java.base/java.util=ALL-UNNAMED --add-opens=java.prefs/java.util.prefs=ALL-UNNAMED --add-opens=java.base/java.nio.charset=ALL-UNNAMED --add-opens=java.base/java.net=ALL-UNNAMED --add-opens=java.base/java.util.concurrent=ALL-UNNAMED --add-opens=java.base/java.util.concurrent.atomic=ALL-UNNAMED --add-opens=java.xml/javax.xml.namespace=ALL-UNNAMED --add-opens=java.base/java.time=ALL-UNNAMED -XX:MaxMetaspaceSize=512m -Xmx2048m -Dfile.encoding=windows-1252 -Duser.country=IN -Duser.language=en -Duser.variant -javaagent:C:\Users\anish\.gradle\wrapper\dists\gradle-9.3.1-bin\23ovyewtku6u96viwx3xl3oks\gradle-9.3.1\lib\agents\gradle-instrumentation-agent-9.3.1.jar 
java_command: org.gradle.launcher.daemon.bootstrap.GradleDaemon 9.3.1
java_class_path (initial): C:\Users\anish\.gradle\wrapper\dists\gradle-9.3.1-bin\23ovyewtku6u96viwx3xl3oks\gradle-9.3.1\lib\gradle-daemon-main-9.3.1.jar
Launcher Type: SUN_STANDARD

[Global flags]
     intx CICompilerCount                          = 12                                        {product} {ergonomic}
   size_t CompressedClassSpaceSize                 = 436207616                                 {product} {ergonomic}
     uint ConcGCThreads                            = 3                                         {product} {ergonomic}
     uint G1ConcRefinementThreads                  = 13                                        {product} {ergonomic}
   size_t G1HeapRegionSize                         = 1048576                                   {product} {ergonomic}
    uintx GCDrainStackTargetSize                   = 64                                        {product} {ergonomic}
   size_t InitialHeapSize                          = 130023424                                 {product} {ergonomic}
   size_t MarkStackSize                            = 4194304                                   {product} {ergonomic}
   size_t MaxHeapSize                              = 2147483648                                {product} {command line}
   size_t MaxMetaspaceSize                         = 536870912                                 {product} {command line}
   size_t MaxNewSize                               = 1287651328                                {product} {ergonomic}
   size_t MinHeapDeltaBytes                        = 1048576                                   {product} {ergonomic}
   size_t MinHeapSize                              = 8388608                                   {product} {ergonomic}
    uintx NonNMethodCodeHeapSize                   = 7602480                                {pd product} {ergonomic}
    uintx NonProfiledCodeHeapSize                  = 122027880                              {pd product} {ergonomic}
    uintx ProfiledCodeHeapSize                     = 122027880                              {pd product} {ergonomic}
    uintx ReservedCodeCacheSize                    = 251658240                              {pd product} {ergonomic}
     bool SegmentedCodeCache                       = true                                      {product} {ergonomic}
   size_t SoftMaxHeapSize                          = 2147483648                             {manageable} {ergonomic}
     bool UseCompressedClassPointers               = true                           {product lp64_product} {ergonomic}
     bool UseCompressedOops                        = true                           {product lp64_product} {ergonomic}
     bool UseG1GC                                  = true                                      {product} {ergonomic}
     bool UseLargePagesIndividualAllocation        = false                                  {pd product} {ergonomic}

Logging:
Log output configuration:
 #0: stdout all=warning uptime,level,tags
 #1: stderr all=off uptime,level,tags

Environment Variables:
JAVA_HOME=C:\Program Files\Microsoft\jdk-17.0.12.7-hotspot\
PATH=C:\XCENTICProject\bhy\node_modules\.bin;C:\XCENTICProject\bhy\node_modules\.bin;C:\XCENTICProject\node_modules\.bin;C:\node_modules\.bin;C:\Users\anish\AppData\Local\nvm\v22.22.0\node_modules\npm\node_modules\@npmcli\run-script\lib\node-gyp-bin;c:\Users\anish\AppData\Roaming\Code\User\globalStorage\github.copilot-chat\debugCommand;c:\Users\anish\AppData\Roaming\Code\User\globalStorage\github.copilot-chat\copilotCli;C:\flutter\bin\cache\dart-sdk\bin\;C:\Python314\Scripts\;C:\Python314\;C:\flutter\bin;C:\Program Files\Common Files\Oracle\Java\javapath;C:\Program Files\Microsoft\jdk-17.0.12.7-hotspot\bin;C:\Windows\system32;C:\Windows;C:\Windows\System32\Wbem;C:\Windows\System32\WindowsPowerShell\v1.0\;C:\Windows\System32\OpenSSH\;C:\Program Files\Git\cmd;C:\Program Files\MongoDB\Server\7.0\bin;C:\Users\anish\AppData\Roaming\Programs\Python\Python311;C:\Users\anish\AppData\Roaming\Programs\Python\Python311\Scripts;C:\Users\anish\AppData\Local\Programs\Python\Launcher\;C:\Users\anish\AppData\Local\Microsoft\WindowsApps;C:\Users\anish\AppData\Local\Programs\Microsoft VS Code\bin;C:\adb;C:\ProgramData\chocolatey\bin;C:\Program Files\PostgreSQL\17\bin;C:\Users\anish\AppData\Roaming\npm;C:\Users\anish\AppData\Local\Android\Sdk\platform-tools;C:\Users\anish\AppData\Local\Android\Sdk;C:\xampp\php;C:\composer;C:\Users\anish\AppData\Local\nvm;C:\nvm4w\nodejs;C:\Program Files\Go\bin;C:\WINDOWS\system32;C:\WINDOWS;C:\WINDOWS\System32\Wbem;C:\WINDOWS\System32\WindowsPowerShell\v1.0\;C:\WINDOWS\System32\OpenSSH\;C:\Program Files\Docker\Docker\resources\bin;C:\Program Files\dotnet\;C:\Program Files\nodejs\;C:\Users\anish\AppData\Local\hermes\hermes-agent\venv\Scripts;C:\Users\anish\AppData\Local\hermes\bin;C:\Users\anish\AppData\Local\Programs\Python\Python313\Scripts\;C:\Users\anish\AppData\Local\Programs\Python\Python313\;C:\dev\flutter\bin;C:\Program Files\ImageMagick-7.1.1-Q16-HDRI;C:\Program Files\JetBrains\IntelliJ IDEA Community Edition 2025.2\bin;C:\Users\anish\AppData\Roa
USERNAME=anish
LANG=en_US.UTF-8
OS=Windows_NT
PROCESSOR_IDENTIFIER=Intel64 Family 6 Model 154 Stepping 3, GenuineIntel
TMP=C:\Users\anish\AppData\Local\Temp
TEMP=C:\Users\anish\AppData\Local\Temp



Periodic native trim disabled


---------------  S Y S T E M  ---------------

OS:
 Windows 11 , 64 bit Build 26100 (10.0.26100.8875)
OS uptime: 1 days 20:00 hours
Hyper-V role detected

CPU: total 16 (initial active 16) (8 cores per cpu, 2 threads per core) family 6 model 154 stepping 3 microcode 0x423, cx8, cmov, fxsr, ht, mmx, 3dnowpref, sse, sse2, sse3, ssse3, sse4.1, sse4.2, popcnt, lzcnt, tsc, tscinvbit, avx, avx2, aes, erms, clmul, bmi1, bmi2, adx, sha, fma, vzeroupper, clflush, clflushopt, clwb, hv
Processor Information for processor 0
  Max Mhz: 2500, Current Mhz: 2500, Mhz Limit: 2500
Processor Information for processor 1
  Max Mhz: 2500, Current Mhz: 2500, Mhz Limit: 2500
Processor Information for processor 2
  Max Mhz: 2500, Current Mhz: 2500, Mhz Limit: 2500
Processor Information for processor 3
  Max Mhz: 2500, Current Mhz: 2500, Mhz Limit: 2500
Processor Information for processor 4
  Max Mhz: 2500, Current Mhz: 2500, Mhz Limit: 2500
Processor Information for processor 5
  Max Mhz: 2500, Current Mhz: 2500, Mhz Limit: 2500
Processor Information for processor 6
  Max Mhz: 2500, Current Mhz: 2500, Mhz Limit: 2500
Processor Information for processor 7
  Max Mhz: 2500, Current Mhz: 2500, Mhz Limit: 2500
Processor Information for processor 8
  Max Mhz: 2500, Current Mhz: 1500, Mhz Limit: 1800
Processor Information for processor 9
  Max Mhz: 2500, Current Mhz: 1500, Mhz Limit: 1800
Processor Information for processor 10
  Max Mhz: 2500, Current Mhz: 1800, Mhz Limit: 1800
Processor Information for processor 11
  Max Mhz: 2500, Current Mhz: 1500, Mhz Limit: 1800
Processor Information for processor 12
  Max Mhz: 2500, Current Mhz: 1500, Mhz Limit: 1800
Processor Information for processor 13
  Max Mhz: 2500, Current Mhz: 1500, Mhz Limit: 1800
Processor Information for processor 14
  Max Mhz: 2500, Current Mhz: 1800, Mhz Limit: 1800
Processor Information for processor 15
  Max Mhz: 2500, Current Mhz: 1500, Mhz Limit: 1800

Memory: 4k page, system-wide physical 7896M (1003M free)
TotalPageFile size 32472M (AvailPageFile size 1M)
current process WorkingSet (physical memory assigned to process): 166M, peak: 569M
current process commit charge ("private bytes"): 1104M, peak: 1111M

vm_info: OpenJDK 64-Bit Server VM (17.0.12+7-LTS) for windows-amd64 JRE (17.0.12+7-LTS), built on Jul 16 2024 18:11:44 by "MicrosoftCorporation" with unknown MS VC++:1939

END.
